-- phpMyAdmin SQL Dump
-- version 5.2.1
-- https://www.phpmyadmin.net/
--
-- Servidor: 127.0.0.1
-- Tiempo de generación: 04-06-2023 a las 20:50:22
-- Versión del servidor: 10.4.28-MariaDB
-- Versión de PHP: 8.0.28

SET SQL_MODE = "NO_AUTO_VALUE_ON_ZERO";
START TRANSACTION;
SET time_zone = "+00:00";


/*!40101 SET @OLD_CHARACTER_SET_CLIENT=@@CHARACTER_SET_CLIENT */;
/*!40101 SET @OLD_CHARACTER_SET_RESULTS=@@CHARACTER_SET_RESULTS */;
/*!40101 SET @OLD_COLLATION_CONNECTION=@@COLLATION_CONNECTION */;
/*!40101 SET NAMES utf8mb4 */;

--
-- Base de datos: `inventario`
--

-- --------------------------------------------------------

--
-- Estructura de tabla para la tabla `activos`
--

CREATE TABLE `activos` (
  `id` int(11) NOT NULL,
  `nombre_producto` varchar(255) NOT NULL,
  `cantidad_inicial` int(10) NOT NULL,
  `cantidad_variable` int(10) NOT NULL,
  `id_tipo` int(3) NOT NULL,
  `datetime` date NOT NULL,
  `delay` varchar(25) DEFAULT NULL,
  `posicion` varchar(300) DEFAULT NULL
) ENGINE=InnoDB DEFAULT CHARSET=utf8mb4 COLLATE=utf8mb4_general_ci;

--
-- Volcado de datos para la tabla `activos`
--

INSERT INTO `activos` (`id`, `nombre_producto`, `cantidad_inicial`, `cantidad_variable`, `id_tipo`, `datetime`, `delay`, `posicion`) VALUES
(1, 'CUCHILLA CALADORA', 2, 2, 1, '2023-06-03', '1', '101001'),
(2, 'HAPPY MAGNET (CARITAS FELICES CON GUIÑO EMOTICON) TIRA X 8 UNID', 20, 20, 1, '2023-06-03', '1', '101001'),
(3, 'HAPPY MAGNET (CARITAS FELICES EMOTICON) TIRA X 6 UNID', 4, 4, 1, '2023-06-03', '1', '101001'),
(4, 'CINTA ADHESIVA 1/2\" X 72 YDS', 3, 3, 1, '2023-06-03', '1', '101002'),
(5, 'CINTA ADHESIVA 1\" X 72 YDS', 6, 6, 1, '2023-06-03', '1', '101002'),
(6, 'CINTA ADHESIVA 3/4\" X 72 YDS', 80, 80, 1, '2023-06-03', '1', '101002'),
(7, 'SILICONA LIQUIDA X 250 ML', 33, 33, 1, '2023-06-03', '1', '101003'),
(8, 'CINTA SCOTCH 3/4 X 36 YDS', 13, 13, 1, '2023-06-03', '1', '101003'),
(9, 'ETIQUETA PARA FILE DE 23.5 x 76 MM x 100 UND', 129, 129, 1, '2023-06-03', '1', '101004'),
(10, 'GOMA EN BARRA UHU STIC X 40GR', 5, 5, 1, '2023-06-03', '1', '101004'),
(11, 'GOMA EN BARRA ARTESCO X 21GR', 12, 12, 1, '2023-06-03', '1', '101004'),
(12, 'TINTA PARA IMPRESORA EPSON T6641 BLACK', 9, 9, 2, '2023-06-03', '1', '101005'),
(13, 'TINTA PARA IMPRESORA EPSON T6642 CYAN', 10, 10, 2, '2023-06-03', '1', '101005'),
(14, 'TINTA PARA IMPRESORA EPSON T6643 MAGENTA', 10, 10, 2, '2023-06-03', '1', '101005'),
(15, 'TINTA PARA IMPRESORA EPSON T6644 AMARILLO', 10, 10, 2, '2023-06-03', '1', '101005'),
(16, 'TINTA P/ IMPRESORA EPSON T673120 BLACK', 4, 4, 2, '2023-06-03', '1', '101005'),
(17, 'TINTA P/ IMPRESORA EPSON T673220 CIAN', 5, 5, 2, '2023-06-03', '1', '101005'),
(18, 'TINTA P/ IMPRESORA EPSON T673320 MAGENTA', 6, 6, 2, '2023-06-03', '1', '101005'),
(19, 'TINTA P/ IMPRESORA EPSON T673420 YELLOW', 5, 5, 2, '2023-06-03', '1', '101005'),
(20, 'TINTA PARA IMPRESORA EPSON LIGHTCYAN', 1, 1, 2, '2023-06-03', '1', '101005'),
(21, 'TINTA PARA IMPRESORA EPSON LIGHTMAGENTA', 2, 2, 2, '2023-06-03', '1', '101005'),
(22, 'TINTA HP 954XL CYAN L0S62AL', 5, 5, 2, '2023-06-03', '1', '101005'),
(23, 'TINTA HP 954XL MAGENTA L0S65AL', 5, 3, 2, '2023-06-03', '1', '101005'),
(24, 'TINTA HP 954XL YELLOW L068AL', 5, 5, 2, '2023-06-03', '1', '101005'),
(25, 'TINTA HP 954XL BLACK L0S71AL', 5, 5, 2, '2023-06-03', '1', '101005'),
(26, 'CASSETTE VIDEO 8 MM', 50, 50, 6, '2023-06-03', '1', '101006'),
(27, 'CD-ROM  EN BLANCO', 353, 353, 6, '2023-06-03', '1', '101006'),
(28, 'SOBRE PLASTICO  PARA CD', 35, 35, 1, '2023-06-03', '1', '101006'),
(29, 'BOLSA DE GLOBOS AZUL', 2, 2, 1, '2023-06-03', '1', '101006'),
(30, 'FOLIADOR STANDARD', 8, 8, 1, '2023-06-03', '1', '101012'),
(31, 'PILAS DURACELL D', 74, 74, 1, '2023-06-03', '1', '101012'),
(32, 'MICA P/ FOTOCHECK HORIZ. 9.9 X 7.9 CM', 0, 0, 1, '2023-06-03', '1', '101012'),
(33, 'PABILO N° 20   X 1/4 KG', 3, 1, 1, '2023-06-03', '1', '101012'),
(34, 'CARGADOR DE PILAS RECARGABLES', 7, 7, 7, '2023-06-03', '1', '101012'),
(35, 'PILAS REGARGABLES', 2, 2, 1, '2023-06-03', '1', '101012'),
(36, 'PILA LITHIUM 3V ­ CR2032 SONNY', 10, 10, 1, '2023-06-03', '1', '101012'),
(37, 'MECHERO DE GAS P/ GAS BUTANO', 4, 4, 6, '2023-06-03', '1', '101012'),
(38, 'AGUA OXIGENADA QP', 2, 1, 11, '2023-06-03', '1', '101012'),
(39, 'PILA DE LITIO CR 2025 3V', 8, 8, 1, '2023-06-03', '1', '101012'),
(40, 'PILAS DURACELL \"AAA\"', 5, 5, 1, '2023-06-03', '1', '101012'),
(41, 'MEDICINA VENDA ELÁSTICA 5\" X 5Y', 4, 4, 11, '2023-06-03', '1', '101012'),
(42, 'PILA AA X 4+2 UN DURACELL 1.5 V', 6, 6, 1, '2023-06-03', '1', '101012'),
(43, 'TAMPON NEGRO', 15, 15, 1, '2023-06-03', '1', '101013'),
(44, 'TAMPON ROJO', 7, 7, 1, '2023-06-03', '1', '101013'),
(45, 'TINTA PARA TAMPON AZUL', 7, 7, 1, '2023-06-03', '1', '101013'),
(46, 'TINTA PARA TAMPON ROJO', 2, 2, 1, '2023-06-03', '1', '101013'),
(47, 'SELLO FECHADOR TRODAT', 13, 13, 1, '2023-06-03', '1', '101013'),
(48, 'TINTA PARA TAMPON NEGRO', 3, 3, 1, '2023-06-03', '1', '101013'),
(49, 'TAMPON AZUL', 20, 20, 1, '2023-06-03', '1', '101013'),
(50, 'POST IT', 48, 48, 1, '2023-06-03', '1', '101013'),
(51, 'TINTA PARA SELLO TRODAT AZUL', 5, 5, 1, '2023-06-03', '1', '101013'),
(52, 'BANDERITAS POST -IT COLORES', 16, 16, 1, '2023-06-03', '1', '101013'),
(53, 'TINTA PARA SELLO TRODAT NEGRO', 1, 1, 1, '2023-06-03', '1', '101013'),
(54, 'SELLO EN BLANCO TRODAT PRINTY 4912', 1, 1, 1, '2023-06-03', '1', '101013'),
(55, 'SELLO GREAT WALL NUMERADOR MODEL 45', 1, 1, 1, '2023-06-03', '1', '101013'),
(56, 'BORRADOR BLANCO FABER CASTEL', 135, 135, 1, '2023-06-03', '1', '101014'),
(57, 'REGLA CRISTALINA 50 CM', 9, 9, 1, '2023-06-03', '1', '101014'),
(58, 'TAJADOR DE MESA # 5', 1, 1, 1, '2023-06-03', '1', '101014'),
(59, 'TAJADOR DE PLASTICO SIMPLE FC 25', 14, 14, 1, '2023-06-03', '1', '101014'),
(60, 'TAJADOR METALICO', 45, 45, 1, '2023-06-03', '1', '101014'),
(61, 'PERFORADOR DE OFICINA', 1, 1, 1, '2023-06-03', '1', '101014'),
(62, 'TIZA BLANCA', 7, 7, 1, '2023-06-03', '1', '101014'),
(63, 'TIZA COLORES', 2, 2, 1, '2023-06-03', '1', '101014'),
(64, 'CORRECTOR TIPO LAPICERO PUNTA METALICA 9 ML', 4, 4, 1, '2023-06-03', '1', '101014'),
(65, 'LIMPIATIPO x 35 GR', 9, 9, 1, '2023-06-03', '1', '101015'),
(66, 'PLUMON FINEPEN 499 AZUL', 124, 124, 1, '2023-06-03', '1', '101015'),
(67, 'PLUMON FINEPEN 499 NEGRO', 70, 70, 1, '2023-06-03', '1', '101015'),
(68, 'PLUMON FINEPEN 499 ROJO', 107, 107, 1, '2023-06-03', '1', '101015'),
(69, 'PLUMON FINEPEN 499 VERDE', 38, 38, 1, '2023-06-03', '1', '101015'),
(70, 'PLUMON INDELEBLE FABER CASTELL # 421 ROJO', 53, 53, 1, '2023-06-03', '1', '101015'),
(71, 'PLUMON INDELEBLE FABER CASTELL # 421 VERDE', 17, 17, 1, '2023-06-03', '1', '101015'),
(72, 'PLUMON MARCADOR INDELEBLE JUMBO # 23 NEGRO', 1, 1, 1, '2023-06-03', '1', '101015'),
(73, 'PLUMON RESALTADOR FABER CASTELL # 48', 20, 20, 1, '2023-06-03', '1', '101015'),
(74, 'COLORES TRIANGULOS ARTESCO  X 12', 1, 1, 1, '2023-06-03', '1', '101015'),
(75, 'PLUMON F.C # 47 COLOR', 54, 54, 1, '2023-06-03', '1', '101015'),
(76, 'PLUMON MARCADOR INDELEBLE # 54 NEGRO', 24, 24, 1, '2023-06-03', '1', '101015'),
(77, 'PLUMON MARCADOR INDELEBLE MULTIMAX A23', 10, 10, 1, '2023-06-03', '1', '101015'),
(78, 'BOLIGRAFO PILOT BL-G1 EXTRA FINO 0.5MM AZUL', 12, 12, 1, '2023-06-03', '1', '101016'),
(79, 'BOLIGRAFO PILOT BP-SF ROJO', 31, 31, 1, '2023-06-03', '1', '101016'),
(80, 'BOLIGRAFO PILOT BP-SF VERDE', 44, 44, 1, '2023-06-03', '1', '101016'),
(81, 'BOLIGRAFO F.C 033 NEGRO', 16, 16, 1, '2023-06-03', '1', '101016'),
(82, 'BOLIGRAFO F.C 035 LUX ROJO', 51, 51, 1, '2023-06-03', '1', '101016'),
(83, 'BOLIGRAFO PILOT BP-SF AZUL', 29, 29, 1, '2023-06-03', '1', '101016'),
(84, 'BOLIGRAFO PILOT BP-SF NEGRO', 23, 23, 1, '2023-06-03', '1', '101016'),
(85, 'BOLIGRAFO PILOT BL-G1 EXTRA FINO 0.5MM NEGRO', 66, 66, 1, '2023-06-03', '1', '101016'),
(86, 'LAPIZ 2B C/ BORRADOR', 24, 24, 1, '2023-06-03', '1', '101016'),
(87, 'BOLIGRAFO UNI EYE MICRO T/LIQ UB150 AZUL', 2, 2, 1, '2023-06-03', '1', '101016'),
(88, 'BOLIGRAFO F.C. 060 ROJO', 27, 27, 1, '2023-06-03', '1', '101016'),
(89, 'BOLIGRAFO F.C. 060 NEGRO', 13, 13, 1, '2023-06-03', '1', '101016'),
(90, 'BOLIGRAFO PILOT BP-S FINE AZUL', 11, 11, 1, '2023-06-03', '1', '101016'),
(91, 'BOLIGRAFO PILOT BP-S FINE NEGRO', 19, 19, 1, '2023-06-03', '1', '101016'),
(92, 'LAPIZ 2B', 5, 5, 1, '2023-06-03', '1', '101016'),
(93, 'MINAS', 11, 11, 1, '2023-06-03', '1', '101016'),
(94, 'LAPIZ PORTAMINA', 11, 11, 1, '2023-06-03', '1', '101016'),
(95, 'GRAPA 23/10 x 1000 UND', 10, 10, 1, '2023-06-03', '1', '101017'),
(96, 'GRAPA 23/20 x 1000 UND', 4, 4, 1, '2023-06-03', '1', '101017'),
(97, 'PERFORADOR RAPID EC20 20 HJS', 2, 2, 1, '2023-06-03', '1', '101017'),
(98, 'CHINCHE DE DOBLEZ 3/4\" X 100 UND', 23, 23, 1, '2023-06-03', '1', '101017'),
(99, 'GRAPAS 13/6 X 5000 UND', 7, 7, 1, '2023-06-03', '1', '101017'),
(100, 'GRAPAS 23/6 X 1000 UND', 2, 2, 1, '2023-06-03', '1', '101017'),
(101, 'GRAPAS 23/8 X 1000 UND', 2, 2, 1, '2023-06-03', '1', '101017'),
(102, 'GRAPAS 26/6 X 1000 UND', 20, 20, 1, '2023-06-03', '1', '101017'),
(103, 'GRAPAS 26/6 X 5000', 10, 10, 1, '2023-06-03', '1', '101017'),
(104, 'ENGRAPADOR TIPO ALICATE', 2, 2, 1, '2023-06-03', '1', '101017'),
(105, 'CHINCHES DORADOS X 100 UND', 60, 60, 1, '2023-06-03', '1', '101017'),
(106, 'GRAPAS 26/8X5000', 1, 1, 1, '2023-06-03', '1', '101017'),
(107, 'ESPIRAL 14 MM', 338, 338, 1, '2023-06-03', '1', '101018'),
(108, 'ESPIRAL 25 MM', 100, 100, 1, '2023-06-03', '1', '101018'),
(109, 'CANUTILLOS PLASTICOS TIPO ESPIRAL N 12', 100, 100, 1, '2023-06-03', '1', '101018'),
(110, 'VINIFAN CARTA', 191, 191, 1, '2023-06-03', '1', '101019'),
(111, 'VINIFAN OFICIO', 2, 2, 1, '2023-06-03', '1', '101019'),
(112, 'MICA PORTAPAPELES A4 PQT X 10 UNIDADES', 1, 1, 1, '2023-06-03', '1', '101020'),
(113, 'MICA TRANSPARENTE PARA ANILLADO A4', 398, 398, 1, '2023-06-03', '1', '101020'),
(114, 'TINTA PLUMON RECARGABLE PILOT WBMA AZUL', 87, 87, 1, '2023-06-03', '1', '101021'),
(115, 'TINTA PLUMON RECARGABLE PILOT WBMA NEGRO', 11, 11, 1, '2023-06-03', '1', '101021'),
(116, 'TINTA PLUMON RECARGABLE PILOT WBMA ROJO', 140, 140, 1, '2023-06-03', '1', '101021'),
(117, 'TINTA PLUMON RECARGABLE PILOT WBMA VERDE', 118, 118, 1, '2023-06-03', '1', '101021'),
(118, 'PLUMON PILOT RECARGABLE WBMA NEGRO', 34, 34, 1, '2023-06-03', '1', '101022'),
(119, 'PLUMON PILOT RECARGABLE WBMA ROJO', 66, 66, 1, '2023-06-03', '1', '101022'),
(120, 'PLUMON PILOT RECARGABLE WBMA VERDE', 8, 8, 1, '2023-06-03', '1', '101022'),
(121, 'PLUMON PILOT RECARGABLE WBMA AZUL', 170, 170, 1, '2023-06-03', '1', '101022'),
(122, 'FILE PLASTICO C/ BROCHE PORTADOCUMENTOS A4', 6, 6, 1, '2023-06-03', '1', '101023'),
(123, 'FOLDER CON MICAS A4', 1, 1, 1, '2023-06-03', '1', '101023'),
(124, 'BINDER CLIP 2\"', 19, 19, 1, '2023-06-03', '1', '101023'),
(125, 'INDEX TAB PARA FOLDER COLGANTE X 25 UNID', 8, 8, 1, '2023-06-03', '1', '101023'),
(126, 'FOLDER A4 NEGRO TAPA TRANPARENTE CON FASTENER PLASTICO', 9, 9, 1, '2023-06-03', '1', '101023'),
(127, 'FOLDER CLIP FILE', 3, 3, 1, '2023-06-03', '1', '101023'),
(128, 'TECNOPOR TAMAÑO OFICIO', 2, 2, 1, '2023-06-03', '1', '101023'),
(129, 'BLOCK ARCOIRIS 40 HJS A4', 9, 9, 1, '2023-06-03', '1', '101027'),
(130, 'BLOCK ARCOIRIS CARTULINA 10 COLORES 20 HJS', 6, 6, 1, '2023-06-03', '1', '101027'),
(131, 'PAPEL BOND 75 GR. A4 COLOR', 12, 12, 1, '2023-06-03', '1', '101027'),
(132, 'BLOCK CARTULINA COLORES  30 HJS', 14, 14, 1, '2023-06-03', '1', '101027'),
(133, 'CLIP MARIPOSA DE METAL CHICO x 50 UND', 11, 11, 1, '2023-06-03', '1', '101028'),
(134, 'CLIP MARIPOSA DE METAL GRANDE  x 12 UND', 49, 49, 1, '2023-06-03', '1', '101028'),
(135, 'CUADERNO CUADRICULADO A4 80HJS', 2, 2, 1, '2023-06-03', '1', '101028'),
(136, 'FASTENER METALICO X 50 UND', 18, 18, 1, '2023-06-03', '1', '101028'),
(137, 'PAPEL CONTAC ADHESIVO TRANSPARENTE', 2, 2, 1, '2023-06-03', '1', '101028'),
(138, 'TONER COMPATIBLE CF280X', 2, 2, 1, '2023-06-03', '1', '101029'),
(139, 'ETIQUETAS AUTOADHESIVAS BLANCAS PEGAFAN A4-007', 90, 90, 1, '2023-06-03', '1', '101033'),
(140, 'ETIQUETAS AUTOADHESIVAS BLANCAS PEGAFAN A4-003', 43, 43, 1, '2023-06-03', '1', '101033'),
(141, 'ETIQUETAS INK JET LASER BLANCA A4-007 (21X29.7MM)   X 10 UND.', 28, 28, 1, '2023-06-03', '1', '101033'),
(142, 'SKETCH BOOK 20 HJS ( CARTULINA BLANCA SIN MARCO)', 105, 105, 1, '2023-06-03', '1', '101034'),
(143, 'CUADERNO DE CARGO', 8, 8, 1, '2023-06-03', '1', '101034'),
(144, 'SKETCH BOOK 20 HJS ESPIRALADO', 8, 8, 1, '2023-06-03', '1', '101034'),
(145, 'TONER HP 2100 C4096A', 1, 1, 1, '2023-06-03', '1', '101035'),
(146, 'TONER HP C4092A P/IMP.1100', 2, 2, 1, '2023-06-03', '1', '101035'),
(147, 'TONER LEXMARK E 120', 2, 2, 1, '2023-06-03', '1', '101035'),
(148, 'TONER LEXMARK E230 12A8400', 3, 3, 1, '2023-06-03', '1', '101035'),
(149, 'PAPEL FOTOCOPIA 80 GR A3', 1, 1, 1, '2023-06-03', '1', '101036'),
(150, 'PAPEL FOTOCOPIA 90 GR A4', 0, 0, 1, '2023-06-03', '1', '101036'),
(151, 'PAPEL BOND COLOR VERDE  A-4 75 GR', 7, 7, 1, '2023-06-03', '1', '101036'),
(152, 'PAPEL BOND COLOR CELESTE  A-4 75 GR', 1, 1, 1, '2023-06-03', '1', '101036'),
(153, 'PAPEL MEMBRETE COLEGIO C/ SELLO DE AGUA x 90 GR A4 MOD.ANTIGUO', 3, 3, 1, '2023-06-03', '1', '101037'),
(154, 'PAPEL MEMBRETE COLEGIO PARA LIBRETA x  90 GR A4', 1, 1, 1, '2023-06-03', '1', '101037'),
(155, 'PAPEL MEMBRETADO A4 75GR ESPAÑOL - COLOR', 2, 2, 1, '2023-06-03', '1', '101037'),
(156, 'PAPEL MEMBRETADO A4 90GR ESPAÑOL - COLOR', 2, 2, 1, '2023-06-03', '1', '101037'),
(157, 'ESTATUTOS DE LA COOPERATIVA', 61, 61, 9, '2023-06-03', '1', '101038'),
(158, 'PAPEL MEMBRETE COLEGIO INGLES C/ SELLO DE AGUA x 90 GR A4', 2, 2, 1, '2023-06-03', '1', '101038'),
(159, 'SOBRE COLEGIO LIBRETA x 90 GR A4 BLANCO', 170, 170, 1, '2023-06-03', '1', '101038'),
(160, 'SOBRE MANILA COLEGIO LIBRETA  A4', 35, 35, 1, '2023-06-03', '1', '101038'),
(161, 'SOBRE P/ LIBRETA 120 GR BLANCO', 40, 40, 1, '2023-06-03', '1', '101038'),
(162, 'PAPEL MEMBRETADO A4 75GR INGLÉS - COLOR', 1, 1, 1, '2023-06-03', '1', '101038'),
(163, 'PAPEL MEMBRETADO A4 90GR INGLES - COLOR', 1, 1, 1, '2023-06-03', '1', '101038'),
(164, 'NORMAS DE CONVIVENCIA DEL COLEGIO', 56, 56, 9, '2023-06-03', '1', '101038'),
(165, 'PAPEL CUADRICULADO A4', 0, 0, 1, '2023-06-03', '1', '101039'),
(166, 'PAPEL CUADRO GRANDE DE 1X1 CM A4', 0, 0, 1, '2023-06-03', '1', '101039'),
(167, 'PAPEL DOBLE RAYA A4', 0, 0, 1, '2023-06-03', '1', '101039'),
(168, 'PAPEL RAYADO A4', 0, 0, 1, '2023-06-03', '1', '101039'),
(169, 'PAPEL RAYADO A4 PERFORADO', 0, 0, 1, '2023-06-03', '1', '101039'),
(170, 'PAPEL TRIPLE RAYA A4', 0, 0, 1, '2023-06-03', '1', '101039'),
(171, 'PAPEL TRIPLE RAYA A4 PERFORADO', 1, 1, 1, '2023-06-03', '1', '101039'),
(172, 'SOBRE COLEGIO x 90 GR OFICIO BLANCO', 0, 0, 1, '2023-06-03', '1', '101039'),
(173, 'SOBRE COOPERATIVA x 90 GR OFICIO BLANCO', 2, 2, 1, '2023-06-03', '1', '101039'),
(174, 'PAPEL CUADRICULADO A-4 PERFORADO', 1, 1, 1, '2023-06-03', '1', '101039'),
(175, 'PAPEL DOBLE RAYA A - 4  PERFORADO', 0, 0, 1, '2023-06-03', '1', '101039'),
(176, 'SOBRE PARA INVITACIÓN KIMBERLY 18.5X13.5CM ', 0, 0, 1, '2023-06-03', '1', '101039'),
(177, 'PAPEL RAYADO DE 1 HOJA A4', 200, 200, 1, '2023-06-03', '1', '101039'),
(178, 'CUADERNO CON INDICE', 1, 1, 1, '2023-06-03', '1', '101040'),
(179, 'CUADERNO MIXTO CUADRO GRANDE Y CHICO A4 100 HJS', 1, 1, 1, '2023-06-03', '1', '101040'),
(180, 'SKETCHBOOK  DE 24.5 X 34.5 CMS CON 20 HOJAS DE 180 GRS/M2 DE LA LÍNEA \"C\" Á GRAIN ', 9, 9, 1, '2023-06-03', '1', '101040'),
(181, 'BLOCK DE TAQUIGRAFIA', 2, 2, 1, '2023-06-03', '1', '101040'),
(182, 'CARTULINA FAVINI 180 GR PQT X 50 UND', 24, 24, 1, '2023-06-03', '1', '101040'),
(183, 'BLOCK ARCO IRIS A3 40H', 5, 5, 1, '2023-06-03', '1', '101040'),
(184, 'CUADERNO RAYADO ESPIRAL  TAMANO A4 100HJ', 1, 1, 1, '2023-06-03', '1', '101040'),
(185, 'SKETCH BOOK CANSON A3 X 20 HOJAS (29.7X42CM)  C A GRAIN', 1, 1, 1, '2023-06-03', '1', '101040'),
(186, 'CINTA EPSON 890 S015329', 6, 6, 1, '2023-06-03', '1', '101040.1'),
(187, 'CINTA EPSON SO15335', 11, 11, 1, '2023-06-03', '1', '101040.1'),
(188, 'CINTA EPSON SO15337', 4, 4, 1, '2023-06-03', '1', '101040.1'),
(189, 'TINTA P/KIT DE IMPRESORA LIGHT CYAN', 1, 1, 1, '2023-06-03', '1', '101040.1'),
(190, 'TINTA P/KIT DE IMPRESORA LIGHT MAGENTA', 1, 1, 1, '2023-06-03', '1', '101040.1'),
(191, 'TONER HP LASERJET 2015 Q7553A', 3, 3, 1, '2023-06-03', '1', '101040.1'),
(192, 'TONER HP LASERJET P2055 CE505X', 1, 1, 1, '2023-06-03', '1', '101040.1'),
(193, 'TONER GESTETNER BLACK 2622S', 2, 2, 1, '2023-06-03', '1', '101040.1'),
(194, 'TONER GPR 22 CANON 1018/1019/1022/1023', 2, 2, 1, '2023-06-03', '1', '101040.1'),
(195, 'TONER IMAGW TN 211/311', 2, 2, 1, '2023-06-03', '1', '101040.1'),
(196, 'ESPIRAL 17 MM', 866, 866, 1, '2023-06-03', '1', '101041'),
(197, 'PAPEL CONSOLA 14 7/8\"x11\"x1', 7, 7, 1, '2023-06-03', '1', '101041'),
(198, 'PAPEL CONSOLA 9 7/8\"x11\" x 1', 4, 4, 1, '2023-06-03', '1', '101041'),
(199, 'CARTULINA ESCOLAR  A4 AMARILLO', 167, 167, 1, '2023-06-03', '1', '101042'),
(200, 'CARTULINA ESCOLAR A4 BLANCO', 14, 14, 1, '2023-06-03', '1', '101042'),
(201, 'CARTULINA ESCOLAR A4 VERDE', 100, 100, 1, '2023-06-03', '1', '101042'),
(202, 'CARTULINA PLASTIFICADA A4 BLANCO', 28, 28, 1, '2023-06-03', '1', '101042'),
(203, 'PAPEL CARBON OFICIO x 50 UND AZUL', 19, 19, 1, '2023-06-03', '1', '101042'),
(204, 'PAPEL LUSTRE AMARILLO', 9, 9, 1, '2023-06-03', '1', '101042'),
(205, 'PAPEL LUSTRE AZUL', 20, 20, 1, '2023-06-03', '1', '101042'),
(206, 'PAPEL LUSTRE BLANCO', 13, 13, 1, '2023-06-03', '1', '101042'),
(207, 'PAPEL LUSTRE CELESTE', 46, 46, 1, '2023-06-03', '1', '101042'),
(208, 'PAPEL LUSTRE COLORES', 2, 2, 1, '2023-06-03', '1', '101042'),
(209, 'PAPEL LUSTRE NARANJA', 33, 33, 1, '2023-06-03', '1', '101042'),
(210, 'PAPEL LUSTRE NEGRO', 15, 15, 1, '2023-06-03', '1', '101042'),
(211, 'PAPEL LUSTRE ROJO', 20, 20, 1, '2023-06-03', '1', '101042'),
(212, 'PAPEL LUSTRE TURQUEZA', 85, 85, 1, '2023-06-03', '1', '101042'),
(213, 'PAPEL LUSTRE VERDE', 36, 36, 1, '2023-06-03', '1', '101042'),
(214, 'CARTULINA ESCOLAR A4 ROSADO', 100, 100, 1, '2023-06-03', '1', '101042'),
(215, 'CARTULINA ESCOLAR A4 CELESTE', 100, 100, 1, '2023-06-03', '1', '101042'),
(216, 'CARTULINA PLASTIFICADFA T/A4 AZUL', 25, 25, 1, '2023-06-03', '1', '101042'),
(217, 'PAPEL BULKY A4', 0, 0, 1, '2023-06-03', '1', '101042'),
(218, 'CARTULINA A4 COLOR CREMA', 20, 20, 1, '2023-06-03', '1', '101042'),
(219, 'MASCARILLA KN95 - FFP2', 110, 110, 6, '2023-06-03', '1', '101044'),
(220, 'CARTUCHO PARA MASCARILLA  RESPIRADORA', 1, 1, 10, '2023-06-03', '1', '101045'),
(221, 'LENTE DE PROTECCION', 12, 12, 10, '2023-06-03', '1', '101045'),
(222, 'PROTECTORES TIPO TAPON PARA OIDOS', 16, 16, 10, '2023-06-03', '1', '101045'),
(223, 'CASCO DE PLASTICO', 8, 8, 10, '2023-06-03', '1', '101045'),
(224, 'PROTECTOR DE OIDO TIPO HEADPHONE', 1, 1, 10, '2023-06-03', '1', '101045'),
(225, 'MASCARA PARA SOLDADURA', 3, 3, 10, '2023-06-03', '1', '101045'),
(226, 'CARTULINA DUPLEX', 133, 133, 1, '2023-06-03', '1', '101049'),
(227, 'CARTULINA PLASTIFICADA COLOR', 776, 776, 1, '2023-06-03', '1', '101049'),
(228, 'PAPEL DE REGALO', 39, 39, 1, '2023-06-03', '1', '101049'),
(229, 'PAPEL CREPE 0.5X1.80M AZUL', 1, 1, 1, '2023-06-03', '1', '101049'),
(230, 'PAPEL CREPE 0.5X1.80M BLANCO', 1, 1, 1, '2023-06-03', '1', '101049'),
(231, 'PAPEL CREPE 0.5X1.80M ROJO', 1, 1, 1, '2023-06-03', '1', '101049'),
(232, 'PAPEL PLATINO X PLIEGO COLORES', 10, 10, 1, '2023-06-03', '1', '101049'),
(233, 'TONER COMPATIBLE CB435A', 2, 2, 1, '2023-06-03', '1', '101050'),
(234, 'TONER COMPATIBLE CF283A', 3, 3, 1, '2023-06-03', '1', '101050'),
(235, 'TONER COMPATIBLE CE255A', 5, 5, 1, '2023-06-03', '1', '101050'),
(236, 'ARCHIVADOR LOMO ANCHO OFICIO', 24, 24, 1, '2023-06-03', '1', '101051'),
(237, 'ARCHIVADOR 1/2 LOMO OFICIO', 9, 9, 1, '2023-06-03', '1', '101052'),
(238, 'PAPEL CONTOMETRO BOND ORIG+2COP 76X75MM PQT X 10 UNID', 25, 25, 1, '2023-06-03', '1', '101053'),
(239, 'PIONER A4 DE 2 ANILLOS 25MM', 7, 7, 1, '2023-06-03', '1', '101054'),
(240, 'PIONER A4 DE 2 ANILLOS 45MM', 10, 10, 1, '2023-06-03', '1', '101054'),
(241, 'FOLDER A4 TAPA TRANSPARENTE CON FASTENER', 9, 9, 1, '2023-06-03', '1', '101054'),
(242, 'ARCHIVADOR CHICO LOMO ANCHO', 5, 5, 1, '2023-06-03', '1', '101054'),
(243, 'ESPIRAL 12 MM', 321, 321, 1, '2023-06-03', '1', '101055'),
(244, 'PINTURA EN SPRAY', 9, 9, 8, '2023-06-03', '1', '101056'),
(245, 'PINTURA EN SPRAY COLOR GRIS', 2, 2, 8, '2023-06-03', '1', '101056'),
(246, 'LIMPIADOR DE CONTACTO Y TARJETAS', 16, 16, 7, '2023-06-03', '1', '101056'),
(247, 'DESAFLOJADOR DE TUERCAS', 1, 1, 7, '2023-06-03', '1', '101056'),
(248, 'SUPRESOR DE PICO DE 6 TOMAS LONGITUD 3MTS', 7, 7, 7, '2023-06-03', '1', '101056'),
(249, 'HILO NYLON TORCIDO BLANCO 2 MM ESPESOR', 100, 100, 7, '2023-06-03', '1', '101056'),
(250, 'AFLOJATODO WD-40 DE 11ONZ', 6, 6, 7, '2023-06-03', '1', '101056'),
(251, 'GARRUCHA PIN 38 NYLON 2\"', 20, 20, 7, '2023-06-03', '1', '101056'),
(252, 'GARRUCHA PLATAFORMA NYLON 2\"', 20, 20, 7, '2023-06-03', '1', '101056'),
(253, 'DRIZA BLANCA DE 3/16´´', 1, 1, 7, '2023-06-03', '1', '101056'),
(254, 'ESPATULA DE METAL 3\"', 2, 2, 7, '2023-06-03', '1', '101057'),
(255, 'TAPA CIEGA METALICA CIRCULAR 4\"', 14, 14, 7, '2023-06-03', '1', '101057'),
(256, 'LIMPIADOR DE ACERO 3M', 28, 8, 7, '2023-06-03', '1', '101057'),
(257, 'CAJA DE PASE  6\"X6\" PVC PARA CABLEADO ELECTRICO', 5, 5, 7, '2023-06-03', '1', '101057'),
(258, 'CAJA RECTANGULAR PARA EXTERIOR DE 2\" X 4\"', 1, 1, 7, '2023-06-03', '1', '101057'),
(259, 'TAPA PROTEGIDA PARA  IDROBOX TICINO MODELO 25603', 6, 6, 7, '2023-06-03', '1', '101057'),
(260, 'IDROBOX TICINO, IP 55, GRIS 3, REFERENCIA 25603 TICINO', 10, 10, 7, '2023-06-03', '1', '101057'),
(261, 'ESPATULA 6\"', 4, 4, 7, '2023-06-03', '1', '101057'),
(262, 'ESPATULA 2\"', 3, 3, 7, '2023-06-03', '1', '101057'),
(263, 'GARRUCHAS', 300, 300, 7, '2023-06-03', '1', '101057'),
(264, 'JUEGO DE REFACCIONES DE PISTOLA PARA PINTAR', 5, 5, 7, '2023-06-03', '1', '101057'),
(265, 'CAJA DE PASE METAL 6X6X4', 3, 3, 7, '2023-06-03', '1', '101057'),
(266, 'BALASTRO DE FLUORESCENTE 36-40W', 3, 3, 7, '2023-06-03', '1', '101058'),
(267, 'LIJA DE FIERRO # 40', 53, 53, 7, '2023-06-03', '1', '101058'),
(268, 'LLAVE TERMICA 3 X 40 AMP, TIPO RIEL', 1, 1, 7, '2023-06-03', '1', '101058'),
(269, 'BALASTRO ELECTRONICO HF-ESSSENTIAL HF-E 236 TL-D', 7, 7, 7, '2023-06-03', '1', '101058'),
(270, 'LAMPARA DICROICA PHILIPS GU5.3  50WATTS', 6, 6, 7, '2023-06-03', '1', '101058'),
(271, 'INTERRUPTOR DIFERENCIAL TETRAPOLAR 63A', 2, 2, 7, '2023-06-03', '1', '101058'),
(272, 'FOCO AHORRADOR DE 11W BLANCO PHILLIPS', 1, 1, 7, '2023-06-03', '1', '101058'),
(273, 'TRANSFORMADOR DE 12V, 3AMP', 15, 15, 7, '2023-06-03', '1', '101058'),
(274, 'LIJA BANDA 3 X21 GR40 ASALOX', 5, 5, 7, '2023-06-03', '1', '101058'),
(275, 'LIJAS PARA MADERA X3, GRANO #60, 75X533MM, MARCA BOSCH, POR PAQUETE', 1, 1, 7, '2023-06-03', '1', '101058'),
(276, 'LIJAS PARA MADERA X3, GRANO #40, 75X533MM, MARCA BOSCH, POR PAQUETE', 2, 2, 7, '2023-06-03', '1', '101058'),
(277, 'LIJAS AL AGUA #240', 50, 50, 7, '2023-06-03', '1', '101058'),
(278, 'LIJAS AL AGUA #280', 50, 50, 7, '2023-06-03', '1', '101058'),
(279, 'LIJAS PARA FIERRO #80', 50, 50, 7, '2023-06-03', '1', '101058'),
(280, 'LIJAS PARA FIERRO #60', 100, 100, 7, '2023-06-03', '1', '101058'),
(281, 'TAPA PLASTICO P/CAJA TERMINCA BLANCO X 2 UND', 25, 25, 7, '2023-06-03', '1', '101058'),
(282, 'FOCO PHILIPS HPI-T PLUS 250W/645', 1, 1, 7, '2023-06-03', '1', '101058'),
(283, 'FOCO PHILIPS LED LIGTH SOURCE SERIEAS 15W 220-60HZ', 8, 8, 7, '2023-06-03', '1', '101058'),
(284, 'FOCO PHILIPS MASTER HPI-PLUS 250W/645', 4, 4, 7, '2023-06-03', '1', '101058'),
(285, 'FOCO PHILIPS MÁSTER SON-TIA PLUS 70 LONG LIFE', 5, 5, 7, '2023-06-03', '1', '101058'),
(286, 'FOCO PHILIPS MHN-TD PRO', 6, 6, 7, '2023-06-03', '1', '101058'),
(287, 'FOCO PHILIPS ML 160W/220-230', 7, 7, 7, '2023-06-03', '1', '101058'),
(288, 'LAMPARA HALOGENA LUXTEK MR 16 220 V  50 V', 13, 13, 7, '2023-06-03', '1', '101058'),
(289, 'FOCO LED BULBO E27 15W LUZ FRÍA O BLANCA-MINQINUO', 10, 10, 7, '2023-06-03', '1', '101058'),
(290, 'TOMACORRIENTE DUPLEX CON LINEA A TIERRA', 14, 14, 7, '2023-06-03', '1', '101059'),
(291, 'INTERRUPTOR SIMPLE TICINO', 4, 4, 7, '2023-06-03', '1', '101059'),
(292, 'INTERRUPTOR TIPO DADO BTICINO', 20, 20, 7, '2023-06-03', '1', '101059'),
(293, 'BORNERAS PARA CABLE 4 MM2 30 A', 3, 3, 7, '2023-06-03', '1', '101059'),
(294, 'TOMA CORRIENTE PARA EXTERIORES DOBLE MIXTA CON PUESTA A TIERRA Y TAPA PROTECTORA 15A / 220V', 9, 9, 7, '2023-06-03', '1', '101059'),
(295, 'INTERRUPTOR DOBLE', 15, 15, 7, '2023-06-03', '1', '101059'),
(296, 'CONMUTADOR DOBLE', 2, 2, 7, '2023-06-03', '1', '101059'),
(297, 'CINTA ANTIDESLIZANTE', 6, 6, 7, '2023-06-03', '1', '101060'),
(298, 'CINTA DE PAPEL PARA DRYWALL', 1, 1, 7, '2023-06-03', '1', '101060'),
(299, 'TIMBRE DING DONG', 2, 2, 7, '2023-06-03', '1', '101060'),
(300, 'TUBO CONDUIT EMT 3/4\"', 2, 2, 7, '2023-06-03', '1', '101060'),
(301, 'CONECTOR CURVO CONDUIT FLEXIBLE 3/4\"', 2, 2, 7, '2023-06-03', '1', '101060'),
(302, 'CINTA SEÑALIZACION AMARILLA 2X36 YD', 3, 3, 7, '2023-06-03', '1', '101060'),
(303, 'CINTA VULCANIZANTE 3M', 3, 3, 7, '2023-06-03', '1', '101060'),
(304, 'BISAGRA ALUMINIZADA  DE 3 1/2 X 3 1/2', 35, 35, 7, '2023-06-03', '1', '101061'),
(305, 'CERRADURA PARA PUERTA', 11, 11, 7, '2023-06-03', '1', '101061'),
(306, 'TOPE IMANTADI PARA OUERTA', 49, 49, 7, '2023-06-03', '1', '101061'),
(307, 'CERROJO DE 2\" DE ALUMINIO', 50, 50, 7, '2023-06-03', '1', '101061'),
(308, 'CANDADO YALE', 1, 1, 7, '2023-06-03', '1', '101061'),
(309, 'CHAPAS', 1, 1, 7, '2023-06-03', '1', '101061'),
(310, 'PICAPORTE', 25, 25, 7, '2023-06-03', '1', '101061'),
(311, 'BISAGRA DE ACERO INOXIDABLE 3/12X3\"', 30, 30, 7, '2023-06-03', '1', '101061'),
(312, 'BISAGRA ALIMUNIZADA 3.5\"X2\"', 19, 19, 7, '2023-06-03', '1', '101061'),
(313, 'ALICATE PINZA DE 8\"', 1, 1, 7, '2023-06-03', '1', '101062'),
(314, 'LIMADURAS DE HIERRO UND X 275G', 3, 3, 7, '2023-06-03', '1', '101062'),
(315, 'LLAVE HEXAGONAL  X 20 PIEZAS-STANLEY', 1, 1, 7, '2023-06-03', '1', '101062'),
(316, 'DIAMANTE PARA CORTAR CERAMICA N° 60 MM', 1, 1, 7, '2023-06-03', '1', '101062'),
(317, 'REMACHADORA', 1, 1, 7, '2023-06-03', '1', '101062'),
(318, 'PISTOLA PARA SILICONA', 1, 1, 7, '2023-06-03', '1', '101062'),
(319, 'CUCHILLA DE SIERRA Y CORTE REDLINE', 11, 11, 7, '2023-06-03', '1', '101062'),
(320, 'BROCA PARA ROTOMARTILLO DE CONCRETO 1/4', 1, 1, 7, '2023-06-03', '1', '101062'),
(321, 'NACIONAL PLANCHA DE PULIR PISO', 1, 1, 7, '2023-06-03', '1', '101062'),
(322, 'BROCA PARA ROTOMARTILLO DE CONCRETO 3/8\"', 1, 1, 7, '2023-06-03', '1', '101062'),
(323, 'REPUESTO PARA CUCHILLA DE 11 CM LARGO', 6, 6, 7, '2023-06-03', '1', '101062'),
(324, 'ESPATULA CON MANGO DE MADERA 2 1/2\"', 12, 12, 7, '2023-06-03', '1', '101062'),
(325, 'LLAVES MIXTAS DE 10MM TRUPER', 1, 1, 7, '2023-06-03', '1', '101062'),
(326, 'BOQUILLA FIJO ALTO IMPACTO PIEZA KARCHER', 1, 1, 7, '2023-06-03', '1', '101062'),
(327, 'FORMADOR DE EMPAQUETADURA 130 GR ROJO', 2, 2, 7, '2023-06-03', '1', '101062'),
(328, 'DESARMADOR 2 EN 1', 8, 8, 7, '2023-06-03', '1', '101062'),
(329, 'LLAVES MIXTAS DE 12MM TRUPER', 1, 1, 7, '2023-06-03', '1', '101062'),
(330, 'RESPALDO DISCO DE LIJA 4-1/2', 1, 1, 7, '2023-06-03', '1', '101063'),
(331, 'CINTA TEFLON', 40, 40, 7, '2023-06-03', '1', '101063'),
(332, 'DISCO DE CORTE ACERO INOXIDABLE 4 1/2\" X 1 MM', 12, 12, 7, '2023-06-03', '1', '101063'),
(333, 'LIJA MADERA #120', 100, 100, 7, '2023-06-03', '1', '101063'),
(334, 'LIJA DE MADERA ASA NRO. 100', 23, 23, 7, '2023-06-03', '1', '101063'),
(335, 'LIJA PARA AGUA #120, ASA', 50, 50, 7, '2023-06-03', '1', '101063'),
(336, 'LIJA PARA AGUA #150, ASA', 34, 34, 7, '2023-06-03', '1', '101063'),
(337, 'POTES DE MASILLA PLÁSTICA, PARA TRABAJOS DE MASILLADO DE FIERROS', 4, 4, 7, '2023-06-03', '1', '101063'),
(338, 'DISCO DE DESBASTE ACERO INOXIDABLE  SUPRA 4.5\"X 1/4\" X 7/8\" ( 115 X 6 X 22,23MM) MARCA: KLINGSPOR', 5, 5, 7, '2023-06-03', '1', '101063'),
(339, 'ESCOBILLA DE COPA DE 4\"', 2, 2, 7, '2023-06-03', '1', '101063'),
(340, 'DISCOS DE CORTE NORTON ', 7, 7, 7, '2023-06-03', '1', '101063'),
(341, 'HUACHA PLANA PESADA PARA LLAVES DE LAVATORIOS.', 50, 50, 7, '2023-06-03', '1', '101063'),
(342, 'PLACA HERMÉTICA PARA PISO DE BRONCE DOBLE. MARCA:LEVITON', 2, 2, 7, '2023-06-03', '1', '101063'),
(343, 'DISCO FLAP DE 4 1/2\" GRANO 60  RHODIUS/PRETUL', 10, 10, 7, '2023-06-03', '1', '101063'),
(344, 'LIJAS PARA FIERRO NRO 320', 25, 25, 7, '2023-06-03', '1', '101063'),
(345, 'LIJAS AL AGUA #80', 18, 18, 7, '2023-06-03', '1', '101063'),
(346, 'LIJAS AL AGUA #100', 40, 40, 7, '2023-06-03', '1', '101063'),
(347, 'LIJA P/FIERRO #60', 3, 3, 7, '2023-06-03', '1', '101063'),
(348, 'LIJA #80 PARA MADERA', 50, 50, 7, '2023-06-03', '1', '101063'),
(349, 'LIJA #60 PARA MADERA', 50, 50, 7, '2023-06-03', '1', '101063'),
(350, 'ABRAZADERAS DE 2\"', 12, 12, 7, '2023-06-03', '1', '101064'),
(351, 'NIPLE 1\" X 2 1/2\"', 14, 14, 7, '2023-06-03', '1', '101064'),
(352, 'NIPLE 2\" X 2 1/2\"', 16, 16, 7, '2023-06-03', '1', '101064'),
(353, 'NIPLE 1/2 X 2\"  F°G°', 8, 8, 7, '2023-06-03', '1', '101064'),
(354, 'TORNILLO DE 1/2\" PAN', 2, 2, 7, '2023-06-03', '1', '101064'),
(355, 'ALCAYATAS  1  1/2\"', 100, 100, 7, '2023-06-03', '1', '101064'),
(356, 'ALCAYATAS 3\"', 24, 24, 7, '2023-06-03', '1', '101064'),
(357, 'ALCAYATAS  4\"', 50, 50, 7, '2023-06-03', '1', '101064'),
(358, 'ALCAYATA DE 2\"', 100, 100, 7, '2023-06-03', '1', '101064'),
(359, 'NIPLE DE 1\" A 2\" GALVANIZADO', 4, 4, 7, '2023-06-03', '1', '101064'),
(360, 'CLAVO CON CABEZA DE 2\"', 2, 2, 7, '2023-06-03', '1', '101064'),
(361, 'TORNILLOS AUTOPERFORANTES DE 8X1/2', 400, 400, 7, '2023-06-03', '1', '101064'),
(362, 'PERNO DE EXPANSIÓN DE 3/8\" X 4.5\" CON TUERCA Y ARANDELA', 0, 0, 7, '2023-06-03', '1', '101064'),
(363, 'REDUCCIÓN 2\"X 1 1/4\" SAL NICOLL TERMOFORMADO', 10, 10, 7, '2023-06-03', '1', '101064'),
(364, 'PERNO CON TUERCA DE 4 \"', 80, 80, 7, '2023-06-03', '1', '101064'),
(365, 'TARUGOS DE PLASTICO DE 1/2\" COLOR PLOMO O GRIS', 100, 100, 7, '2023-06-03', '1', '101064'),
(366, 'NIPLE 3/4\"X4\", GALVANIZADO', 1, 1, 7, '2023-06-03', '1', '101064'),
(367, 'NIPLE DE 1/2\" X 4\", GALVANIZADO', 6, 6, 7, '2023-06-03', '1', '101064'),
(368, 'CERROJOS', 4, 4, 7, '2023-06-03', '1', '101064'),
(369, 'ABRAZADERAS DE 1\" (METAL)', 7, 7, 7, '2023-06-03', '1', '101064'),
(370, 'SIKAFLEX GRIS EN TUBO', 4, 4, 7, '2023-06-03', '1', '101065'),
(371, 'SIKAFLEX 11FC PLUS BLANCO', 26, 26, 7, '2023-06-03', '1', '101065'),
(372, 'SIKA SELLO MURO', 4, 4, 7, '2023-06-03', '1', '101065'),
(373, 'TUBO DE SILICONA SIKASIL COLOR NEGRO', 24, 24, 7, '2023-06-03', '1', '101065'),
(374, 'VALVULA DE CIERRE ABS', 33, 33, 7, '2023-06-03', '1', '101066'),
(375, 'MANIJA DE INODORO ABS CROMADO', 4, 4, 7, '2023-06-03', '1', '101066.1'),
(376, 'TUBO DE ABASTO LAVATORIO 1/2\"X 1/2\"X35CMS.ALUMINIO TRENZADO', 15, 15, 7, '2023-06-03', '1', '101066.1'),
(377, 'MANUBRIOS DE PVC, PARA W.C.', 31, 31, 7, '2023-06-03', '1', '101066.1'),
(378, 'TUBO DE ABASTO DE 1/2 X 1/2 X60CM', 20, 20, 7, '2023-06-03', '1', '101066.1'),
(379, 'TUBO DE ABASTO DE HILO TRENZADO DE ALUMINIO REFORZADO 1/2 X 7/8', 21, 21, 7, '2023-06-03', '1', '101066.1'),
(380, 'TUBO DE ABASTO DE HILO TRANZADO DE ALUMINIO REFORZADO 1/2 X 5/8', 4, 4, 7, '2023-06-03', '1', '101066.1'),
(381, 'CANASTILLA DE URINARIO C/PASTILLA', 8, 8, 7, '2023-06-03', '1', '101066.2'),
(382, 'ANILLO DE CERA INODORO', 6, 6, 7, '2023-06-03', '1', '101066.2'),
(383, 'DESAGUE  DE CANASTILLAS', 3, 3, 7, '2023-06-03', '1', '101066.2'),
(384, 'PERNOS DE ANCLAJE  P/INODORO TANQUE EN BRONCE', 88, 88, 7, '2023-06-03', '1', '101066.2'),
(385, 'LLAVE PARA LAVATORIO CON TEMPORIZADOR, MARCA VAINSA', 2, 2, 7, '2023-06-03', '1', '101066.2'),
(386, 'REGISTRO CROMADO 2\"', 1, 1, 7, '2023-06-03', '1', '101066.2'),
(387, 'REJILLA DE COLOR PLATEADO 2\" PARA SS HH', 4, 4, 7, '2023-06-03', '1', '101066.2'),
(388, 'EXTENSIÓN ( COLETA) DE 1\"1/4 X 8\" T/SUMIDERO', 16, 16, 7, '2023-06-03', '1', '101066.2'),
(389, 'REGISTRO SUMIDERO DE 4PULGADAS', 1, 1, 7, '2023-06-03', '1', '101066.2'),
(390, 'LLAVE DE LAVATORIO TEMPORIZADA 1/2\" VAINSA', 1, 1, 7, '2023-06-03', '1', '101066.2'),
(391, 'TAPA DE REGISTRO DE 2\" CROMADO', 10, 10, 7, '2023-06-03', '1', '101066.2'),
(392, 'TAPA DE REGISTRO DE 4\" CROMADO', 14, 14, 7, '2023-06-03', '1', '101066.2'),
(393, 'CONECTOR VGA', 6, 6, 7, '2023-06-03', '1', '101067'),
(394, 'CAÑO DE JARDIN DE 1/2\" PARA LAVADEROS Y JARDINES', 2, 2, 7, '2023-06-03', '1', '101067'),
(395, 'VÁLVULA ESFÉRICA PASO TOTAL 3/4\", MARCA CIM', 2, 2, 7, '2023-06-03', '1', '101067'),
(396, 'VÁLVULA ESFÉRICA PASO TOTAL 1\", MARCA CIM', 6, 6, 7, '2023-06-03', '1', '101067'),
(397, 'UNION UNIVERSAL 1´´', 9, 9, 7, '2023-06-03', '1', '101067'),
(398, 'LLAVE TEMPORIZADA DE 1/2\" PARA URINARIO VAINSA', 3, 3, 7, '2023-06-03', '1', '101067'),
(399, 'LLAVE ESFÉRICA PARA JARDÍN 3/4\", MARCA CIM', 6, 6, 7, '2023-06-03', '1', '101067'),
(400, 'VALVULA COMPUERTA PESADA 3/4', 4, 4, 7, '2023-06-03', '1', '101067'),
(401, 'VALVULA COMPUERTA PESADA 1/2', 3, 3, 7, '2023-06-03', '1', '101067'),
(402, 'SIKAFLEX 11FC', 21, 21, 7, '2023-06-03', '1', '101068'),
(403, 'SIKA 1', 21, 21, 7, '2023-06-03', '1', '101068'),
(404, 'IMPERMEABILIZANTE SIKA 1 EN POLVO', 8, 8, 7, '2023-06-03', '1', '101068'),
(405, 'CHEMA EPOX ADHESIVO 32', 1, 1, 7, '2023-06-03', '1', '101068'),
(406, 'ESPUMA SIKA BOOM DE 500 ML', 2, 2, 7, '2023-06-03', '1', '101068'),
(407, 'PEGAMENTO AZUL 16 OZ (473ML) OATEY', 1, 1, 7, '2023-06-03', '1', '101068'),
(408, 'BOTAS DE SEGURIDAD', 2, 2, 10, '2023-06-03', '1', '101069'),
(409, 'MANDILES', 2, 2, 10, '2023-06-03', '1', '101069'),
(410, 'BOTIN 9000A DIELECTRICO C/ PUNTERA COMPOSITE PLANTA DE PU', 2, 2, 10, '2023-06-03', '1', '101070'),
(411, 'LIBRO CHIQUIPENZA 3 GRAFOMOTRICIDAD NURSERY', 8, 8, 4, '2023-06-03', '1', '101071'),
(412, 'LIBRO CHIQUIPENZA 4 GRAFOMOTRICIDAD PRE KINDER', 8, 8, 4, '2023-06-03', '1', '101071'),
(413, 'LIBRO CHIQUIPENZA 5 GRAFOMOTRICIDAD KINDER', 7, 7, 4, '2023-06-03', '1', '101071'),
(414, 'CORE REQUIREMENTS POSTER SET / (SET OF 3 POSTERS) (IB DIPLOMA PROGRAMME)', 20, 20, 4, '2023-06-03', '1', '101071'),
(415, 'LIBRO INTRODUCCION A LA INFORMATICA 6TA EDICION', 16, 16, 4, '2023-06-03', '1', '101072'),
(416, 'LIBRO TEORIA DEL CONOCIMIENTO', 15, 15, 4, '2023-06-03', '1', '101072'),
(417, 'LIBRO READY FOR FIRST 3RD EDITION. WORKBOOK - KEY + AUDIO CD PACK ISBN  9780230440067', 20, 20, 4, '2023-06-03', '1', '101072'),
(418, 'LIBRO READY FOR FIRST 3RD EDITION. COURSEBOOK - KEY + MPO + AUDIO PACK ISBN 9780230440012', 20, 20, 4, '2023-06-03', '1', '101072'),
(419, 'GALLETA SODA SAN JORGE 40GR', 70, 70, 6, '2023-06-03', '1', '101073'),
(420, 'COLA SINTÉTICA 250 ML DAVID', 2, 2, 1, '2023-06-03', '1', '101073'),
(421, 'PILAS \"D\"', 12, 12, 1, '2023-06-03', '1', '101073'),
(422, 'CASSETE MAXELL GRABACION 90 MINUTOS', 11, 11, 1, '2023-06-03', '1', '101073'),
(423, 'CINTA VHS', 91, 91, 1, '2023-06-03', '1', '101073'),
(424, 'LIBRO MATH GRADE 1 HARCOURT', 11, 11, 4, '2023-06-03', '1', '101074'),
(425, 'LIBRO LONGMAN ADVANCE AMERICAN DICTIONARY', 45, 45, 4, '2023-06-03', '1', '101075'),
(426, 'LIBRO  MATH GR KINDER HARCOURT', 10, 10, 4, '2023-06-03', '1', '101075'),
(427, 'LIBRO MATH GRADE 2 HARCOURT', 11, 11, 4, '2023-06-03', '1', '101075'),
(428, 'LIBRO LONGMAN DICTIONARY OF AMERICAN ENGLISH 3RD EDITION', 14, 14, 4, '2023-06-03', '1', '101076'),
(429, 'LIBRO DICCIONARIO POCKET LONGMAN INGLES-ESPAÑOL/ESPAÑOL-INGLES', 6, 2, 4, '2023-06-03', '1', '101076'),
(430, 'LIBRO DICTIONARY  LONGMAN OF AMERICAN ENGLISH 4TH EDITION - THE KEY VOCABULARY BUILDING', 22, 22, 4, '2023-06-03', '1', '101076'),
(431, 'LIBRO FUNDAMENTOS DE FISICA COMBO', 10, 10, 4, '2023-06-03', '1', '101077'),
(432, 'LIBRO FUNDAMENTOS DE FISICA 10ED', 3, 3, 4, '2023-06-03', '1', '101077'),
(433, 'AGENDA DE INICIAL', 43, 43, 9, '2023-06-03', '1', '101078'),
(434, 'AGENDA DE PRIMARIA', 44, 44, 9, '2023-06-03', '1', '101078'),
(435, 'LIBRO GO MATH 1 HARCOURT BOOK + PRACTICE BOOK', 1, 1, 4, '2023-06-03', '1', '101078'),
(436, 'PILA DURACELL C', 50, 50, 1, '2023-06-03', '1', '101078'),
(437, 'SILICONA SIKASILE NEGRA', 3, 3, 7, '2023-06-03', '1', '101078'),
(438, 'SILICONA SIKASIL X 300 ML', 11, 11, 7, '2023-06-03', '1', '101078'),
(439, 'PEGAMENTO Y SELLADOR ELASTICO X 300ML SIKAFLEX-11FC', 11, 11, 7, '2023-06-03', '1', '101078'),
(440, 'CALENDARIO DE COLEGIO AÑO 2006', 89, 89, 9, '2023-06-03', '1', '101078'),
(441, 'PILA ENERGIZER TAMAÑO D', 8, 8, 1, '2023-06-03', '1', '101078'),
(442, 'CAJA WORD FAMILY WORDS MATS', 1, 1, 6, '2023-06-03', '1', '101078'),
(443, 'AGENDA 2017', 6, 6, 9, '2023-06-03', '1', '101078'),
(444, 'AFICHE PUBLICITARIO DE CUATRO CUERPOS COLEGIO ESPAÑOL', 300, 300, 9, '2023-06-03', '1', '101079'),
(445, 'LIBRO EL CHINO DE HOY TOMO 1 TEXTO', 1, 1, 4, '2023-06-03', '1', '101080'),
(446, 'LIBRO APRENDE CHINO CONMIGO  I', 4, 4, 4, '2023-06-03', '1', '101080'),
(447, 'LIBRO VITE 1 LIVRE', 5, 5, 4, '2023-06-03', '1', '101080'),
(448, 'LIBRO VITE 1 CAHIER + CD AUDIO', 5, 5, 4, '2023-06-03', '1', '101080'),
(449, 'LIBRO VITE 2 LIVRE', 1, 1, 4, '2023-06-03', '1', '101080'),
(450, 'LIBRO VITE 02 CAHIER + CD AUDIO', 1, 1, 4, '2023-06-03', '1', '101080'),
(451, 'LIBRO CUADERNO TRABAJO APRENDE CHINO CONMIGO', 4, 4, 4, '2023-06-03', '1', '101080'),
(452, 'LIBRO KUAILE HANYU I  LIBRO DE CHINO', 10, 10, 4, '2023-06-03', '1', '101080'),
(453, 'LIBRO KUAILE HANYU I CUADERNO DE CHINO', 10, 10, 4, '2023-06-03', '1', '101080'),
(454, 'LIBRO ADOSPHERE 1 LIVRE DE LELEVE + CD AUDIO', 3, 3, 4, '2023-06-03', '1', '101080'),
(455, 'LIBRO ADOSPHERE 1 CAHIER D ACTIVITES + CD ROM', 3, 3, 4, '2023-06-03', '1', '101080'),
(456, 'LIBRO LATITUDES NIVEAU 1 LIVRE  DE L ELEVE +2 CD AUDIO', 6, 6, 4, '2023-06-03', '1', '101080'),
(457, 'LIBRO LATITUDES NIVEAU 2 LIVRE DE L ELEVE + 2CD AUDIO', 4, 4, 4, '2023-06-03', '1', '101080'),
(458, 'LIBRO LATITUDES NIVEAU 1 CAHIER D ACTIVITIES + CD AUDIO', 6, 6, 4, '2023-06-03', '1', '101080'),
(459, 'LIBRO LATITUDES NIVEAU 2 CAHIER DE ACTIVITIES + CD AUDIO', 4, 4, 4, '2023-06-03', '1', '101080'),
(460, 'LIBRO ENCORE TRICOLORE NOUVELLE 1 SB', 6, 6, 4, '2023-06-03', '1', '101080'),
(461, 'LIBRO ENCORE TRICOLORE NOUVELLE 2 SB', 8, 8, 4, '2023-06-03', '1', '101080'),
(462, 'LIBRO ENCORE TRICOLORE NOUVELLE 3 SB', 7, 7, 4, '2023-06-03', '1', '101080'),
(463, 'LIBRO PASO A PASO VOL 1 / LIBRO DE TEXTO CON CD', 11, 11, 4, '2023-06-03', '1', '101080'),
(464, 'LIBRO PASO A PASO VOL 1 / LIBRO DE EJERCICIOS', 11, 11, 4, '2023-06-03', '1', '101080'),
(465, 'LIBRO KUAILE HANYU TOMO II (EL CHINO FELIZ)- LIBRO DEL ESTUDIANTE', 1, 1, 4, '2023-06-03', '1', '101080'),
(466, 'LIBRO KUAILE HANY TOMO II (EL CHINO FELIZ) - LIBRO DE EJERCICIOS', 1, 1, 4, '2023-06-03', '1', '101080'),
(467, 'LIBRO EASY STEPS TO CHINESE / TEXTBOOK', 2, 2, 4, '2023-06-03', '1', '101080'),
(468, 'LIBRO EASY STEPS TO CHINESE / WORKBOOK', 2, 2, 4, '2023-06-03', '1', '101080'),
(469, 'LIBRO GUIA ILUSTRADA DE LA HISTORIA MODERNA', 14, 14, 4, '2023-06-03', '1', '101081'),
(470, 'LIBRO MASTERING MODERM WORLD HISTORY 5TH EDITION', 33, 33, 4, '2023-06-03', '1', '101081'),
(471, 'LIBRO HISTORIA UNIVERSAL  LA ERA DE LAS REVOLUCIONES', 7, 7, 4, '2023-06-03', '1', '101081'),
(472, 'HERVIDOR METALICO', 1, 1, 6, '2023-06-03', '1', '101081'),
(473, 'LIBRO INTERNATIONAL MATH FOR THE MIDDLE YEARS 4', 2, 2, 4, '2023-06-03', '1', '101082'),
(474, 'LIBRO INTERNATIONAL MATHEMATICS FOR THE MIDDLE YEARS 1, ÚLTIMA EDICIÓN', 8, 8, 4, '2023-06-03', '1', '101082'),
(475, 'LIBRO INTERNATIONAL MATHEMATICS FOR THE MIDDLE YEARS 3, ÚLTIMA EDICIÓN', 13, 13, 4, '2023-06-03', '1', '101082'),
(476, 'LIBRO INTERNATIONAL MATHEMATICS FOR THE MIDDLE YEARS 4', 10, 10, 4, '2023-06-03', '1', '101082'),
(477, 'LIBRO MATHEMATICS HL CORE (3RD EDITION)', 4, 4, 4, '2023-06-03', '1', '101082'),
(478, 'LIBRO MATHEMATICS HL OPTIONS AND FURTHER MATHEMATIC', 2, 2, 4, '2023-06-03', '1', '101082'),
(479, 'LIBRO IB ESTUDIOS MATEMATICOS LIBRO DEL ALUMNO: PROGRAMA DEL', 11, 11, 4, '2023-06-03', '1', '101082'),
(480, 'LIBRO: IB MATHEMATICS APPLICATIONS AND INTERPRETATION STANDARD LEVEL -GRADO 10', 2, 2, 4, '2023-06-03', '1', '101082'),
(481, 'LIBRO MATHEMATICS FOR THE INTERNATIONAL STUDENT MATHEMATICS SL', 3, 3, 4, '2023-06-03', '1', '101082'),
(482, 'LIBRO GO MATH 2 HARCOURT BOOK + PRACTICE BOOK', 7, 7, 4, '2023-06-03', '1', '101083'),
(483, 'LIBRO GO MATH 3 HARCOURT BOOK + PRACTICE BOOK', 17, 17, 4, '2023-06-03', '1', '101083'),
(484, 'LIBRO GO MATH 4 HARCOURT BOOK + PRACTICE BOOK', 18, 18, 4, '2023-06-03', '1', '101083'),
(485, 'LIBRO GO MATH 5 HARCOURT  BOOK + PRACTICE BOOK', 13, 13, 4, '2023-06-03', '1', '101083'),
(486, 'LIBRO ENCORE TRICOLORE NOUVELLE 1 GRAMMAR IN ACTION WORKBOOK PACK (X8)', 31, 31, 4, '2023-06-03', '1', '101084'),
(487, 'LIBRO ENCORE TRICOLORE NOUVELLE 2 GRAMMAR IN ACTION WORKBOOK PACK (X8)', 1, 1, 4, '2023-06-03', '1', '101084'),
(488, 'LIBRO ENCORE TRICOLORE NOUVELLE 3 GRAMMAR IN ACTION WORKBOOK PACK (X8)', 32, 32, 4, '2023-06-03', '1', '101084'),
(489, 'LIBRO LIVRE DE LELEVE-CAFE CREME', 22, 22, 4, '2023-06-03', '1', '101085'),
(490, 'LIBRO CAHIER D´EXERCICES-CAFE CREME', 21, 21, 4, '2023-06-03', '1', '101085'),
(491, 'LIBRO JESUS', 17, 17, 4, '2023-06-03', '1', '101085'),
(492, 'LIBRO GOD', 22, 22, 4, '2023-06-03', '1', '101085'),
(493, 'LIBRO CHURCH', 16, 16, 4, '2023-06-03', '1', '101085'),
(494, 'LIBRO SACRAMENTS', 3, 3, 4, '2023-06-03', '1', '101085'),
(495, 'LIBRO MORALITY', 3, 3, 4, '2023-06-03', '1', '101085'),
(496, 'LIBRO TROPHIES PRACTICE BOOK GRADE 5', 19, 19, 4, '2023-06-03', '1', '101085'),
(497, 'LIBRO BELT SUCCESS UPPER INTERMEDIATE PACK (WB, CD, LECTURA, GLOSSARY, STUDENT GUIDE)', 4, 4, 4, '2023-06-03', '1', '101085'),
(498, 'LIBRO BELT SUCCESS PRE INTERMEDIATE PACK (WB, CD, LECTURA, GLOSSARY)', 2, 2, 4, '2023-06-03', '1', '101085'),
(499, 'LIBRO BELT SUCCESS ELEMENTARY PACK (WB, CD, LECTURA, GLOSSARY, STUDENT GUIDE)', 6, 6, 4, '2023-06-03', '1', '101085'),
(500, 'LIBRO BELT ONLINE PRIMARY 2 PACK (WB, 3 LECTURA, GLOSSARY, STUDENT GUIDE)', 2, 2, 4, '2023-06-03', '1', '101085'),
(501, 'LIBRO BELT ONLINE PRIMARY 3 PACK (WB, 3 LECTURA, GLOSSARY, STUDENT GUIDE)', 1, 1, 4, '2023-06-03', '1', '101085'),
(502, 'LIBRO BELT ONLINE PRIMARY 4 PACK (WB, 3 LECTURA, GLOSSARY, STUDENT GUIDE)', 2, 2, 4, '2023-06-03', '1', '101085'),
(503, 'LIBRO  TROPHIES PRACTICE BOOK GR KINDER', 10, 10, 4, '2023-06-03', '1', '101086'),
(504, 'LIBRO ATALAYA HISTORIA DEL MUNDO CONTEMPORANEO', 3, 3, 4, '2023-06-03', '1', '101086'),
(505, 'LIBRO PRACTICE TEST FOR THE MICHIGAN  EGCEM', 5, 5, 4, '2023-06-03', '1', '101086'),
(506, 'LIBRO EARLY MATH, NUMBER SENSES', 14, 14, 4, '2023-06-03', '1', '101086'),
(507, 'LIBRO EARLY MATH, READINESS', 15, 15, 4, '2023-06-03', '1', '101086'),
(508, 'LIBRO EARLY MATH, READINESS FOR SOLV', 14, 14, 4, '2023-06-03', '1', '101086'),
(509, 'LIBRO EARLY MATH, SHAPES', 15, 15, 4, '2023-06-03', '1', '101086'),
(510, 'LIBRO BELT PRIMARY GRADE 1', 4, 4, 4, '2023-06-03', '1', '101086'),
(511, 'LIBRO BELT PRIMARY GRADE 2', 8, 8, 4, '2023-06-03', '1', '101086'),
(512, 'LIBRO BELT PRIMARY GRADE 3', 8, 8, 4, '2023-06-03', '1', '101086'),
(513, 'LIBRO BELT PRIMARY GRADE 4', 8, 8, 4, '2023-06-03', '1', '101086'),
(514, 'LIBRO BELT PRIMARY GRADE 5', 12, 12, 4, '2023-06-03', '1', '101086'),
(515, 'LIBRO BELT SECUNDARY INTERMEDIATE PACK (WB, CD,LECTURA, GLOSSARY)', 13, 13, 4, '2023-06-03', '1', '101086'),
(516, 'LIBRO BOOKLET TRAZOS KINDER', 8, 8, 4, '2023-06-03', '1', '101086'),
(517, 'LIBRO BELT ECCE LVB2', 1, 1, 4, '2023-06-03', '1', '101086'),
(518, 'LIBRO CUADERNO DE CALIGRAFIA 1 GR', 4, 4, 4, '2023-06-03', '1', '101086'),
(519, 'LIBRO CUADERNO DE CALIGRAFIA 2 GR', 2, 2, 4, '2023-06-03', '1', '101086'),
(520, 'LIBRO CUADERNO DE CALIGRAFIA 3 GR', 1, 1, 4, '2023-06-03', '1', '101086'),
(521, 'LIBRO CUADERNO DE CALIGRAFIA 4 GR', 5, 5, 4, '2023-06-03', '1', '101086'),
(522, 'LIBRO CUADERNO DE CALIGRAFIA 6 GR', 5, 5, 4, '2023-06-03', '1', '101086'),
(523, 'LIBRO CUADERNO DE CALIGRAFIA 5 GR', 4, 4, 4, '2023-06-03', '1', '101086'),
(524, 'LIBRO BELT EXAMS SOFTWARE', 1, 1, 4, '2023-06-03', '1', '101086'),
(525, 'LIBRO QUIMICA 9NA EDICION CHANG', 1, 1, 4, '2023-06-03', '1', '101087'),
(526, 'LIBRO BIOLOGIA, VIDA EN LA TIERRA 8VA EDICION', 1, 1, 4, '2023-06-03', '1', '101087'),
(527, 'LIBRO BIOLOGIA LA VIDA EN LA TIERRA 9NA EDICION', 1, 1, 4, '2023-06-03', '1', '101087'),
(528, 'LIBRO BACCALAUREATE CHEMISTRY SL.  PEARSON', 7, 7, 4, '2023-06-03', '1', '101087'),
(529, 'PHOTOGRAPH CREDITS INGLES PARA NIÑOS', 3, 3, 4, '2023-06-03', '1', '101087'),
(530, 'PICTURE CARD CREDITS INGLES PARA NIÑOS', 3, 3, 4, '2023-06-03', '1', '101087'),
(531, 'CUADERNO CUADRO GRANDE 50 HOJAS CON LOGO COLEGIO INGLES', 2, 2, 1, '2023-06-03', '1', '101087'),
(532, 'CUADERNO CUADRO GRANDE Y CHICO  50 HOJAS CON LOGO COLEGIO INGLES', 14, 14, 1, '2023-06-03', '1', '101087'),
(533, 'CUADERNO RAYADO 50 HOJAS CON LOGO COLEGIO INGLES', 3, 3, 1, '2023-06-03', '1', '101087'),
(534, 'CUADERNO TRIPLE RAYA 50 HOJAS CON LOGO COLEGIO INGLES', 10, 10, 1, '2023-06-03', '1', '101087'),
(535, 'CUADERNO TRIPLE RAYA 50 HOJAS CON MEDIA CARA EN BLANCO-LOGO COLEGIO INGLES', 3, 3, 1, '2023-06-03', '1', '101087'),
(536, 'CUADERNILLO DE 4 HOJAS PARA PINTAR TEMATICO ABRAHAM LINCOLN 20X30 CM APROX. ', 1, 1, 1, '2023-06-03', '1', '101088'),
(537, 'CUADERNO TRIPLE RAYA 100 HOJAS CON LOGO COLEGIO INGLES', 90, 90, 1, '2023-06-03', '1', '101088'),
(538, 'CUADRO DE VIDRIO 56.5X 45 MARCO DE MADERA MARRON', 4, 4, 6, '2023-06-03', '1', '101090'),
(539, 'VASO DE VIDRIO DE 8.5 ONZAS', 215, 215, 6, '2023-06-03', '1', '101090'),
(540, 'PAPEL CUADRICULADO CARTA X 50 HJS PERFORADO', 75, 75, 1, '2023-06-03', '1', '101091'),
(541, 'BOLSO DE TOCUYO C/ ESTAMPADO', 45, 45, 9, '2023-06-03', '1', '101091'),
(542, 'CASCO PARA MANEJO DE MOTOCICLETA', 1, 1, 6, '2023-06-03', '1', '101091'),
(543, 'ALMOHADA BLANCA', 2, 2, 6, '2023-06-03', '1', '101093'),
(544, 'THERMO PARA AGUA CALIENTE', 1, 1, 6, '2023-06-03', '1', '101094'),
(545, 'CORDON AZUL PARA FOTOCHECK CON SUJETADOR', 120, 120, 6, '2023-06-03', '1', '101094'),
(546, 'MEDALLA CIRCULAR DORADA COLEGIO', 32, 27, 9, '2023-06-03', '1', '101095'),
(547, 'MEDALLA CIRCULAR DORADA CON ESCUDO DE COLOR AZUL-BLANCO-ROJO', 22, 22, 9, '2023-06-03', '1', '101095'),
(548, 'MEDALLA CIRCULAR PLATEADA COLEGIO', 36, 36, 9, '2023-06-03', '1', '101095'),
(549, 'MEDALLA HEXAGONAL DORADA COLEGIO', 5, 5, 9, '2023-06-03', '1', '101095'),
(550, 'MEDALLA VARIOS ANTIGUO', 28, 28, 9, '2023-06-03', '1', '101095'),
(551, 'LICUADORA MANUAL HAND BLENDER MODELO HA 3052 MARCA MIRAY', 1, 1, 6, '2023-06-03', '1', '101095'),
(552, 'COPA DE VIDRIO PEQUEÑO', 164, 164, 6, '2023-06-03', '1', '101096'),
(553, 'VASO DE VIDRIO PEQUEÑO', 85, 85, 6, '2023-06-03', '1', '101096'),
(554, 'SOBRE CARTA 75 GR BLANCO', 10, 10, 1, '2023-06-03', '1', '101100'),
(555, 'SOBRE BLANCO T/ OFICIO', 592, 592, 1, '2023-06-03', '1', '101100'),
(556, 'FOLDER MANILA  A4', 35, 35, 1, '2023-06-03', '1', '101101'),
(557, 'FOLDER MANILA OFICIO', 425, 425, 1, '2023-06-03', '1', '101101'),
(558, 'SOBRE MANILA 1/2 OFICIO', 701, 701, 1, '2023-06-03', '1', '101101'),
(559, 'SOBRE MANILA RADIOGRAFICO X 80 GR A3 ', 76, 76, 1, '2023-06-03', '1', '101101'),
(560, 'CINTA MASKING TAPE 2\" x 40 YD', 9, 9, 1, '2023-06-03', '1', '101102'),
(561, 'CINTA MASKING TAPE 1\" X 40 YD', 8, 8, 1, '2023-06-03', '1', '101102'),
(562, 'CINTA MASKING TAPE 3/4\" X 40 M', 33, 33, 1, '2023-06-03', '1', '101102'),
(563, 'CINTA MASKING TAPE 2 1/2\" X 40 YDS', 5, 5, 1, '2023-06-03', '1', '101102'),
(564, 'MASKING TAPE 1 1/2 X 25 YD', 2, 2, 1, '2023-06-03', '1', '101102'),
(565, 'CINTA EPSON LONGFLIFE7754  /1000/1010/1070', 2, 2, 1, '2023-06-03', '1', '101103'),
(566, 'CARTULINA CANSON 180 GR  LILA', 162, 162, 1, '2023-06-03', '1', '101106'),
(567, 'CARTULINA CANSON 180 GR AMARILLO', 138, 138, 1, '2023-06-03', '1', '101106'),
(568, 'CARTULINA CANSON 180 GR AZUL', 68, 68, 1, '2023-06-03', '1', '101106'),
(569, 'CARTULINA CANSON 180 GR BLANCA', 89, 89, 1, '2023-06-03', '1', '101106'),
(570, 'CARTULINA CANSON 180 GR FUCSIA', 91, 91, 1, '2023-06-03', '1', '101106'),
(571, 'CARTULINA CANSON 180 GR MORADO', 40, 40, 1, '2023-06-03', '1', '101106'),
(572, 'CARTULINA CANSON 180 GR NARANJA', 64, 64, 1, '2023-06-03', '1', '101106'),
(573, 'CARTULINA CANSON 180 GR NEGRO', 76, 76, 1, '2023-06-03', '1', '101106'),
(574, 'CARTULINA CANSON 180 GR ROSADO', 29, 29, 1, '2023-06-03', '1', '101106'),
(575, 'CARTULINA CANSON 180 GR TURQUESA', 52, 52, 1, '2023-06-03', '1', '101106'),
(576, 'CARTULINA CANSON 180 GR VERDE', 98, 98, 1, '2023-06-03', '1', '101106'),
(577, 'PAPELOGRAFO CUADRICULADO 58x83 CM 56 GR', 450, 450, 1, '2023-06-03', '1', '101106'),
(578, 'PAPELOGRAFO RAYADO 58x83 CM 56 GR', 285, 285, 1, '2023-06-03', '1', '101106'),
(579, 'CARTULINA CANSON 180 GR CELESTE', 76, 76, 1, '2023-06-03', '1', '101106'),
(580, 'CARTULINA CANSON 180 GR  MARRON', 66, 66, 1, '2023-06-03', '1', '101106'),
(581, 'PLANCHA DE MICA TRANSPARENTE', 1, 1, 7, '2023-06-03', '1', '101106'),
(582, 'CARTULINA AMARILLA', 93, 93, 1, '2023-06-03', '1', '101107'),
(583, 'CARTULINA COLOR', 368, 368, 1, '2023-06-03', '1', '101107'),
(584, 'CARTULINA FOSFORESCENTE COLOR', 156, 156, 1, '2023-06-03', '1', '101108'),
(585, 'PAPEL ARCOIRIS AMARILLO', 18, 18, 1, '2023-06-03', '1', '101108'),
(586, 'PAPEL ARCOIRIS AZUL', 23, 23, 1, '2023-06-03', '1', '101108'),
(587, 'PAPEL ARCOIRIS CELESTE', 22, 22, 1, '2023-06-03', '1', '101108'),
(588, 'PAPEL ARCOIRIS COLORES SURTIDOS', 41, 41, 1, '2023-06-03', '1', '101108'),
(589, 'PAPEL ARCOIRIS ROJO', 28, 28, 1, '2023-06-03', '1', '101108'),
(590, 'PAPEL ARCOIRIS VERDE', 44, 44, 1, '2023-06-03', '1', '101108'),
(591, 'PAPELOGRAFO 61x86 CM 56 GR BLANCO', 65, 65, 1, '2023-06-03', '1', '101108'),
(592, 'PAPEL CLUPACK 80 GR', 15, 15, 1, '2023-06-03', '1', '101109'),
(593, 'PAPEL KRAFT 75x120 CM 50 GR', 30, 30, 1, '2023-06-03', '1', '101109'),
(594, 'REMOVEDOR SARRO', 19, 19, 5, '2023-06-03', '1', '101121'),
(595, 'LIMPIA TODO FLORAL', 16, 16, 5, '2023-06-03', '1', '101122'),
(596, 'LEJIA', 22, 22, 5, '2023-06-03', '1', '101123'),
(597, 'ALCOHOL ISOPROPILICO', 7, 7, 5, '2023-06-03', '1', '101124'),
(598, 'ALCOHOL ISOPROPILICO AL 53°', 16, 16, 5, '2023-06-03', '1', '101124'),
(599, 'JABON SPRAY X 800ML', 10, 10, 5, '2023-06-03', '1', '101126'),
(600, 'ESCOBA DE CERDA PARA BALDEO', 1, 1, 5, '2023-06-03', '1', '101127'),
(601, 'ACIDO BIO X 2000 GR', 15, 15, 5, '2023-06-03', '1', '101128'),
(602, 'DETERGENTE LIQUIDO NEUTRO', 17, 17, 5, '2023-06-03', '1', '101129'),
(603, 'ALCOHOL DE 96° MARCA DIXISA', 4, 4, 5, '2023-06-03', '1', '101130'),
(604, 'DESENGRASANTE FORTE DARYZA', 11, 11, 5, '2023-06-03', '1', '101130'),
(605, 'AMONIO CUATERNARIO QUINTA GENERACION DMQ', 2, 2, 5, '2023-06-03', '1', '101131'),
(606, 'SHAMPOO PARA ALFOMBRA', 4, 4, 5, '2023-06-03', '1', '101131'),
(607, 'AMBIENTADOR SPRAY X 360 ML AROMA POPURRI', 15, 15, 5, '2023-06-03', '1', '101131'),
(608, 'ESCOBON HUDE NYLON', 1, 1, 5, '2023-06-03', '1', '101131'),
(609, 'JABON LIQUIDO PARA MANOS', 2, 2, 5, '2023-06-03', '1', '101131'),
(610, 'LIMPIA VIDRIOS DIXISA', 14, 14, 5, '2023-06-03', '1', '101132'),
(611, 'ALCOHOL SPRAY SCOTT KIMBERLY CLARK X 400 ML', 62, 62, 5, '2023-06-03', '1', '101133'),
(612, 'DESATORADOR DE JEBE', 18, 18, 5, '2023-06-03', '1', '101135'),
(613, 'CERA AMARILLA', 17, 17, 5, '2023-06-03', '1', '101135'),
(614, 'LAVAVAJILLA x 360 GR', 12, 12, 5, '2023-06-03', '1', '101137'),
(615, 'CEPILLO DENTAL', 16, 16, 5, '2023-06-03', '1', '101137'),
(616, 'ESCOBILLA DE PLASTICO PARA LAVAR ROPA', 4, 4, 5, '2023-06-03', '1', '101137'),
(617, 'PASTILLA DEODORIZANTE', 8, 8, 5, '2023-06-03', '1', '101137'),
(618, 'BAYGON EN AEROSOL X 400CC', 8, 8, 5, '2023-06-03', '1', '101137'),
(619, 'PULVERIZADOR DE 1 LT. CON GATILLO', 55, 55, 5, '2023-06-03', '1', '101137'),
(620, 'EMBUDO PEQUEÑO', 6, 6, 5, '2023-06-03', '1', '101137'),
(621, 'PAPEL HIGIENICO JUMBO GODOGRADO ECONOMICO X 550 MT', 368, 368, 5, '2023-06-03', '1', '101138'),
(622, 'BOLSA DE PLASTICO NEGRA 35 LT', 22, 22, 5, '2023-06-03', '1', '101139'),
(623, 'BOLSA PLASTICA NEGRA 220 LT', 12, 12, 5, '2023-06-03', '1', '101140'),
(624, 'CERA LIQUIDA AUTOBRILLANTE ROJA TEKNO', 12, 12, 5, '2023-06-03', '1', '101140');
INSERT INTO `activos` (`id`, `nombre_producto`, `cantidad_inicial`, `cantidad_variable`, `id_tipo`, `datetime`, `delay`, `posicion`) VALUES
(625, 'ESPONJA NYLON DE DULOMPILLO', 11, 11, 5, '2023-06-03', '1', '101141'),
(626, 'SACASARRO SAPOLIO 500 ML', 2, 2, 5, '2023-06-03', '1', '101141'),
(627, 'SACUDIDOR DE TELA', 6, 6, 5, '2023-06-03', '1', '101141'),
(628, 'SILICONA EN SPRAY / PARA AUTO - FRASCO', 41, 41, 5, '2023-06-03', '1', '101141'),
(629, 'DISPENSADOR DE JABON LIQUIDO KIMBERLY CLARK (800 ML)', 2, 2, 5, '2023-06-03', '1', '101141'),
(630, 'PULIDOR DE METALES LÍQUIDO BRASSO, 250ML', 1, 1, 7, '2023-06-03', '1', '101141'),
(631, 'AMBIENTADOR ELECTRICO GLADE', 12, 12, 5, '2023-06-03', '1', '101142'),
(632, 'LUSTRAMUEBLES EN SPRAY PREMIO, 360ML', 20, 20, 5, '2023-06-03', '1', '101142'),
(633, 'TRAPO INDUSTRIAL BLANCO', 1, 1, 5, '2023-06-03', '1', '101142'),
(634, 'BOLSA DE PLASTICO 1 KG', 5, 5, 5, '2023-06-03', '1', '101142'),
(635, 'TRAPO INDUSTRIAL DE COLOR', 2, 2, 5, '2023-06-03', '1', '101142'),
(636, 'PAPEL HIGIENICO DOBLE HOJA X 20 MT BLANCO', 52, 52, 5, '2023-06-03', '1', '101143'),
(637, 'ESPONJA VERDE SCOTCH BRITE 3M', 121, 121, 5, '2023-06-03', '1', '101144'),
(638, 'BOLSA PLASTICA NEGRA 75 LT', 1, 1, 5, '2023-06-03', '1', '101144'),
(639, 'CERA EN PASTA ROJA MARCA TEKNO', 7, 7, 5, '2023-06-03', '1', '101145'),
(640, 'CERA LIQUIDA AMARILLA TEKNO', 10, 10, 5, '2023-06-03', '1', '101145'),
(641, 'TRAPEADOR DE MICROFIBRA  75 CM X 45 CMCON OJAL COLOR AZUL', 5, 5, 5, '2023-06-03', '1', '101146'),
(642, 'TRAPEADOR DE MICROFIBRA COLOR AZUL 85CM X 55CM CON OJAL', 40, 40, 5, '2023-06-03', '1', '101146'),
(643, 'FRANELA 1 X 1 MT AMARILLA', 17, 17, 5, '2023-06-03', '1', '101147'),
(644, 'PAÑO MICROFIBRA', 107, 107, 5, '2023-06-03', '1', '101147'),
(645, 'TRAPEADOR DE MICROFIBRA DE 1.20MT X 1MT. - COLOR ROJO', 19, 19, 5, '2023-06-03', '1', '101147'),
(646, 'TRAPEADOR DE ALGODÓN', 5, 5, 5, '2023-06-03', '1', '101148'),
(647, 'TRAPEADOR PISO TIPO TOALLA CON OJAL 1 MX 0.80M', 38, 38, 5, '2023-06-03', '1', '101148'),
(648, 'GATILLO PARA BOTELLA', 10, 10, 5, '2023-06-03', '1', '101148'),
(649, 'BOLSA PLASTICA NEGRA 140 LT', 6, 6, 5, '2023-06-03', '1', '101149'),
(650, 'PAD BLANCO DE 18\" - CAJA X 5', 0, 0, 5, '2023-06-03', '1', '101152'),
(651, 'PAD COLOR NEGRO 18\"', 2, 2, 5, '2023-06-03', '1', '101152'),
(652, 'PAD VERDE DE 18\" - CAJA X 5', 0, 0, 5, '2023-06-03', '1', '101152'),
(653, 'ESCOBA DE NYLON', 12, 12, 5, '2023-06-03', '1', '101152'),
(654, 'HISOPO PARA WC PLÁSTICO CON BASE COLOR BEIGE MARCA HUDE', 18, 18, 5, '2023-06-03', '1', '101153'),
(655, 'BOLSA NEGRA PLASTICA DE 180 LT', 4, 4, 5, '2023-06-03', '1', '101154'),
(656, 'BOLSAS PLASTICAS NEGRAS 180 LT', 6, 6, 5, '2023-06-03', '1', '101154'),
(657, 'PAD COLOR MARRÓN 20\"', 5, 5, 5, '2023-06-03', '1', '101157'),
(658, 'PAD MARRON 18 -3M', 3, 3, 5, '2023-06-03', '1', '101157'),
(659, 'WAYPE', 15, 15, 5, '2023-06-03', '1', '101158'),
(660, 'CODO 135° O 45° 2\"', 12, 12, 7, '2023-06-03', '1', '101178'),
(661, 'LLANTA PARA BOOGUI', 1, 1, 7, '2023-06-03', '1', '101178'),
(662, 'REDUCCION DE 1 1/2´´ A 1/2´´PVC', 15, 15, 7, '2023-06-03', '1', '101178'),
(663, 'REDUCCION DE 1 1/2´´ A 1´´PVC', 18, 18, 7, '2023-06-03', '1', '101178'),
(664, 'REDUCCION DE 1 1/2´´ A 3/4´´ PVC', 55, 55, 7, '2023-06-03', '1', '101178'),
(665, 'REDUCCION DE 1´´ A 3/4´´PVC', 105, 105, 7, '2023-06-03', '1', '101178'),
(666, 'REDUCCION DE 3/4´´ A 1/2´´ PVC', 49, 49, 7, '2023-06-03', '1', '101178'),
(667, 'TEE PVC 2´´ UNION', 9, 9, 7, '2023-06-03', '1', '101178'),
(668, 'UNION CON ROSCA DE 1/2\"', 79, 79, 7, '2023-06-03', '1', '101179'),
(669, 'PARLANTE DELL', 4, 4, 6, '2023-06-03', '1', '101181'),
(670, 'TETERA METALICA', 1, 1, 6, '2023-06-03', '1', '101181'),
(671, 'TRAMPA P 2\" ', 9, 9, 7, '2023-06-03', '1', '101181'),
(672, 'ADAPTADOR  PVC  1/2 PAVCO', 90, 90, 7, '2023-06-03', '1', '101182'),
(673, 'ADAPTADOR 3/4´´ PVC', 4, 4, 7, '2023-06-03', '1', '101182'),
(674, 'CODO PVC DE 3/4´´', 45, 45, 7, '2023-06-03', '1', '101182'),
(675, 'NIPLE 2X3\" PVC', 2, 2, 7, '2023-06-03', '1', '101182'),
(676, 'TAPON HEMBRA  PVC DE 1\"', 16, 16, 7, '2023-06-03', '1', '101182'),
(677, 'TAPON HEMBRA SIN ROSCA DE 1/2´´PVC', 20, 20, 7, '2023-06-03', '1', '101182'),
(678, 'CLAVO CON CABEZA 2 1/2', 1, 1, 7, '2023-06-03', '1', '101183'),
(679, 'CLAVO CON CBEZA DE 2\"', 2, 2, 7, '2023-06-03', '1', '101183'),
(680, 'CLAVO CON CABEZA DE 3\"', 4, 4, 7, '2023-06-03', '1', '101183'),
(681, 'CLAVO CON CABEZA DE 4\"', 4, 4, 7, '2023-06-03', '1', '101183'),
(682, 'CLAVO DE MADERA DE 1\" CON CABEZA', 3, 3, 7, '2023-06-03', '1', '101183'),
(683, 'ESCUADRAS', 38, 38, 7, '2023-06-03', '1', '101183'),
(684, 'TAPA DE DESAGUE ', 8, 8, 7, '2023-06-03', '1', '101183'),
(685, 'CODO PVC 90 SP  1/2´´ ', 103, 103, 7, '2023-06-03', '1', '101184'),
(686, 'CODO PVC 90 SP  3/4´´', 275, 275, 7, '2023-06-03', '1', '101184'),
(687, 'CODO PVC 90 SP 1 1/4 ', 52, 52, 7, '2023-06-03', '1', '101184'),
(688, 'ABRAZADERAS DE 1\" CON DOS OREJAS', 33, 33, 7, '2023-06-03', '1', '101185'),
(689, 'ABRAZADERAS DE 3/4 CON 1 OREJA', 13, 13, 7, '2023-06-03', '1', '101185'),
(690, 'ABRAZADERAS DE 3/4 CON DOS OREJAS', 25, 25, 7, '2023-06-03', '1', '101185'),
(691, 'UNION UNIVERSAL 2´´', 5, 5, 7, '2023-06-03', '1', '101185'),
(692, 'UNION UNIVERSAL PVC DE 3/4', 61, 61, 7, '2023-06-03', '1', '101185'),
(693, 'UNION UNIVERSAL PVC DE 3´´', 3, 3, 7, '2023-06-03', '1', '101185'),
(694, 'CURVA LUZ SAP 1´´', 17, 17, 7, '2023-06-03', '1', '101186'),
(695, 'DEVOE', 1, 1, 7, '2023-06-03', '1', '101186'),
(696, 'TEE DE 1\" GALVANIZADA', 49, 49, 7, '2023-06-03', '1', '101186'),
(697, 'CODO 1/2\" PARA AGUA', 4, 4, 7, '2023-06-03', '1', '101187'),
(698, 'CODO GALVANIZADO 90 DE 1/2´´', 4, 4, 7, '2023-06-03', '1', '101187'),
(699, 'CODO GALVANIZADO 90 DE 1´´ CON ROSCA', 28, 28, 7, '2023-06-03', '1', '101187'),
(700, 'NIPLE DE 1\" X 2\"', 1, 1, 7, '2023-06-03', '1', '101187'),
(701, 'NIPLE 1X 3\"', 38, 38, 7, '2023-06-03', '1', '101187'),
(702, 'NIPLE GALVANIZADO 1X1 1/4´´', 8, 8, 7, '2023-06-03', '1', '101187'),
(703, 'NIPLE GALVANIZADO 1X4´´', 30, 30, 7, '2023-06-03', '1', '101187'),
(704, 'NIPLE GALVANIZADO 1X5´´', 21, 21, 7, '2023-06-03', '1', '101187'),
(705, 'NIPLE GALVANIZADO 3/4 X 1 1/2´´', 22, 22, 7, '2023-06-03', '1', '101187'),
(706, 'NIPLE GALVANIZADO 3´´', 5, 5, 7, '2023-06-03', '1', '101187'),
(707, 'NIPLE GALVANIZADO 4´´', 1, 1, 7, '2023-06-03', '1', '101187'),
(708, 'TAPON HEMBRA 3´´PVC', 15, 15, 7, '2023-06-03', '1', '101187'),
(709, 'ADAPTADOR PVC 1´´ CON ROSCA', 296, 296, 7, '2023-06-03', '1', '101188'),
(710, 'TEE 3/4´´PVC UNION', 16, 16, 7, '2023-06-03', '1', '101188'),
(711, 'TEE PVC 1 1/4´´ UNION', 44, 44, 7, '2023-06-03', '1', '101188'),
(712, 'TEE PVC 1´´ UNION', 63, 63, 7, '2023-06-03', '1', '101188'),
(713, 'RAMAL Y 4\"', 17, 17, 1, '2023-06-03', '1', '101189'),
(714, 'ESPIRAL N°33', 1, 1, 1, '2023-06-03', '1', '101018/101024/101031/101030'),
(715, 'ESPIRAL 40 MM', 1, 1, 1, '2023-06-03', '1', '101024/101025/101026/101030'),
(716, 'FOLDER COLGANTE C/VARILLA', 28, 28, 1, '2023-06-03', '1', '101043/101048/101047/101046'),
(717, 'CURVA LUZ SAP 3/4´´', 34, 34, 7, '2023-06-03', '1', '101067 (4)/ 101186 (30)'),
(718, 'JABON SPRAY SCOTT HANDLOTIONS X 800 ML', 143, 143, 5, '2023-06-03', '1', '101125/101126'),
(719, 'PAPEL TOALLA SCOTT INTERFOLIADO AIRFLEX X 150 HOJAS (23.6 CM X 20.8 CM)', 106, 106, 5, '2023-06-03', '1', '101136/101137'),
(720, 'CODO PVC 90 SP 1 1/2 ', 289, 289, 7, '2023-06-03', '1', '101180-101179'),
(721, 'ALCOHOL EN GEL ANTIBACTERIAL CON GLICERINA  DE 1 LITRO AL 70% CON BOQUILLA PUSH MARCA CORP. CHART', 58, 58, 5, '2023-06-03', '1', 'Almacen'),
(722, 'ESCOBILLON PELO DE CERDA', 3, 3, 5, '2023-06-03', '1', 'Balde'),
(723, 'MANGO DE ALUMINIO CON GANCHO', 6, 6, 5, '2023-06-03', '1', 'Balde'),
(724, 'MASILLA PLASTICA BONFLEX', 2, 2, 7, '2023-06-03', '1', 'Estante'),
(725, 'BALDE ROBUSTO C/ASA DE METAL N°12', 6, 6, 5, '2023-06-03', '1', 'Estante'),
(726, 'BROCHA DE 1\" TUMI', 12, 12, 8, '2023-06-03', '1', 'Estante'),
(727, 'BROCHA DE 3\" MARCA TUMI', 5, 5, 8, '2023-06-03', '1', 'Estante'),
(728, 'BROCHA TUMI DE 2\"', 5, 5, 8, '2023-06-03', '1', 'Estante'),
(729, 'BROCHAS DE 4\" TUMI', 10, 10, 8, '2023-06-03', '1', 'Estante'),
(730, 'CINTA AZUL PARA PINTURA DE 1\"', 5, 5, 8, '2023-06-03', '1', 'Estante'),
(731, 'CINTA AZUL PARA PINTURA DE 3/4\"', 3, 3, 8, '2023-06-03', '1', 'Estante'),
(732, 'REPUESTO DE RODILLO BLANCO O ACABADO DE 9\", MARCA TORO', 4, 4, 8, '2023-06-03', '1', 'Estante'),
(733, 'REPUESTO DE RODILLO EPÓXICO DE 9\", MARCA TORO', 41, 41, 8, '2023-06-03', '1', 'Estante'),
(734, 'REPUESTO DE RODILLO PELUCHE DE9\"', 9, 9, 8, '2023-06-03', '1', 'Estante'),
(735, 'RODILLO  9\"', 3, 3, 8, '2023-06-03', '1', 'Estante'),
(736, 'RODILLO EPÓXICO DE 3\", MARCA TORO', 10, 10, 8, '2023-06-03', '1', 'Estante'),
(737, 'RODILLO EPÓXICO DE 9\", MARCA TORO', 7, 7, 8, '2023-06-03', '1', 'Estante'),
(738, 'BALDE CON EXPRIMIDOR 24 LTS', 3, 3, 5, '2023-06-03', '1', 'Estante'),
(739, 'PINTURA TEKNOGLOS COLOR ALUMINIO FINO', 1, 1, 8, '2023-06-03', '1', 'Estante'),
(740, 'BIDONES DE PLÁSTICO DE 5 GALONES', 2, 2, 7, '2023-06-03', '1', 'Estante'),
(741, 'MASILLA PARA MADERA, BOLSA DE 1KG', 8, 8, 7, '2023-06-03', '1', 'Estante'),
(742, 'TEROKAL RECORD 56 TEKNO', 3, 3, 7, '2023-06-03', '1', 'Estante 2'),
(743, 'SOLVENTE DIELÉCTRICO', 3, 3, 7, '2023-06-03', '1', 'Estante 2'),
(744, 'TRANSFORMADOR DE ÓXIDO CHEMA', 3, 3, 7, '2023-06-03', '1', 'Estante 2'),
(745, 'BARNIZ IGNIFUGO B-35 PARA MADERA EN BASE A AGUA INQUIFESA', 3, 3, 7, '2023-06-03', '1', 'Estante 2'),
(746, 'ACEITE MORLINA 10 AKRON', 1, 1, 7, '2023-06-03', '1', 'Estante 2'),
(747, 'CLAVO 2\"', 2, 2, 7, '2023-06-03', '1', 'Faltante'),
(748, 'CLAVO CON CBEZA DE 2\" 1/2', 1, 1, 7, '2023-06-03', '1', 'Faltante'),
(749, 'CLAVO DE MADERA DE 1\" CON CABEZA 16MM', 3, 3, 7, '2023-06-03', '1', 'Faltante'),
(750, 'CLIP COCODRILO', 82, 82, 1, '2023-06-03', '1', 'Faltante'),
(751, 'CD AUDIO PHONICS SONGS AND RHYMES ', 5, 5, 4, '2023-06-03', '1', 'Faltante'),
(752, 'CD LITERATURE HEAR IT! AUDIO PROGRAM', 58, 58, 4, '2023-06-03', '1', 'Faltante'),
(753, 'CD ROM EXAM VIEW TEST BANK LITERATURE', 3, 3, 4, '2023-06-03', '1', 'Faltante'),
(754, 'DVD SEE IT! VIDEO PROGRAM KEY FEATURES', 3, 3, 4, '2023-06-03', '1', 'Faltante'),
(755, 'TEST FAMILY REUNION FOCUS ON LISTENING', 39, 39, 4, '2023-06-03', '1', 'Faltante'),
(756, 'TEST JASON´S ART PROJECT FOCUS ON LISTENNING', 45, 45, 4, '2023-06-03', '1', 'Faltante'),
(757, 'CD LEO TODO PLAN LECTOR', 5, 5, 4, '2023-06-03', '1', 'Faltante'),
(758, 'PICTOCUENTOS HABIA UNA VEZ UN BARCO', 4, 4, 7, '2023-06-03', '1', 'Faltante'),
(759, 'CAJA PORTA DISKETE MANHATAN', 1, 1, 6, '2023-06-03', '1', 'Faltante'),
(760, 'CARTUCHO PARA FAX', 2, 2, 1, '2023-06-03', '1', 'Faltante'),
(761, 'DETERGENTE SACO X 15KG', 1, 1, 5, '2023-06-03', '1', 'Limpieza - Piso'),
(762, 'PAPEL TOALLA BLANCO SCOTT AIRFLEX ROLLO X 200 MT (800HOJAS)', 235, 235, 5, '2023-06-03', '1', 'Limpieza - Piso'),
(763, 'ALCOHOL EN GEL ANTIBACTERIAL X LITRO', 100, 100, 5, '2023-06-03', '1', 'Limpieza - Piso'),
(764, 'TRAPEADOR BLANCO TIPO MECHON 450 GR', 20, 20, 5, '2023-06-03', '1', 'Limpieza - Piso'),
(765, 'SOGA DE SEGURIDAD DE 5/8', 1, 1, 7, '2023-06-03', '1', 'Mantenimiento'),
(766, 'AGUA DE MESA BIDON X 20LT', 1, 1, 6, '2023-06-03', '1', 'Mantenimiento'),
(767, 'TUBO PVC SEL 3/4´´ X3.M', 10, 10, 7, '2023-06-03', '1', 'Mantenimiento'),
(768, 'SOGA DE NYLON RETORCIDA 5/8\" BLANCA', 200, 200, 7, '2023-06-03', '1', 'Mantenimiento'),
(769, 'DOSIS QUIMICA THOR GEL', 36, 36, 7, '2023-06-03', '1', 'Mantenimiento'),
(770, 'LAVADERO AMAZONAS PLUS BLANCO', 4, 4, 7, '2023-06-03', '1', 'Mantenimiento'),
(771, 'PLASTICO TRANSPARENTE DE 5 MICRAS DE 1.5M ALTO X 100 MTS DE LARGO', 2, 2, 7, '2023-06-03', '1', 'Mantenimiento'),
(772, 'URINARIO DE PORCELANA SANITARIA VITRIFICADA', 1, 1, 7, '2023-06-03', '1', 'Mantenimiento'),
(773, 'PLANCHA DE ESPUMA ZEBRA 2 M LARGOX 1M ANCHO X 2\" GROSOR', 4, 4, 7, '2023-06-03', '1', 'Mantenimiento'),
(774, 'AYRTHANE POLYURETHANE VARNISH REDUCER, MARCA CPP, POR GALÓN', 1, 1, 8, '2023-06-03', '1', 'Mantenimiento'),
(775, 'AYRTHANE POLYURETHANE VARNISH, MARCA CPP, POR GALÓN', 1, 1, 8, '2023-06-03', '1', 'Mantenimiento'),
(776, 'DISOLVENTE DE PINTURA DE TRAFICO', 13, 13, 8, '2023-06-03', '1', 'Mantenimiento'),
(777, 'ENDURECEDOR PARA BASE EPOXICA', 2, 2, 8, '2023-06-03', '1', 'Mantenimiento'),
(778, 'LAMINA DE SEGURIDAD DE 4 MICRAS 1.52 X 30.00 MTS', 2, 2, 7, '2023-06-03', '1', 'Mantenimiento'),
(779, 'KIT COMPLETO 1 GLN BARNIZ + 1 GLN ENDURECEDOR + 1 GLN DILUYENTE', 4, 4, 8, '2023-06-03', '1', 'Mantenimiento'),
(780, 'PASTA MURAL', 3, 3, 8, '2023-06-03', '1', 'Mantenimiento'),
(781, 'PINTURA AZUL BOHEMIO ESMALTE SINTETICO-TEKNO', 11, 11, 8, '2023-06-03', '1', 'Mantenimiento'),
(782, 'PINTURA AZUL BOHEMIO TEKNO', 1, 1, 8, '2023-06-03', '1', 'Mantenimiento'),
(783, 'PINTURA BASE MATEANTE PARACAS', 17, 17, 8, '2023-06-03', '1', 'Mantenimiento'),
(784, 'PINTURA BLANCA LATEX VENCEDOR', 80, 80, 8, '2023-06-03', '1', 'Mantenimiento'),
(785, 'PINTURA ESMALTE COLOR ALUMINIO FINO MARCA TEKNO', 5, 5, 8, '2023-06-03', '1', 'Mantenimiento'),
(786, 'PINTURA ESMALTE EPOXI TEKNO', 1, 1, 8, '2023-06-03', '1', 'Mantenimiento'),
(787, 'PINTURA ESMALTE GRIS VENCEDOR PANTONE GRAY 7C', 80, 80, 8, '2023-06-03', '1', 'Mantenimiento'),
(788, 'PINTURA ESMALTE PATO BLANCO', 9, 9, 8, '2023-06-03', '1', 'Mantenimiento'),
(789, 'PINTURA ESMALTE SINTETICO AZUL ACERO (MATIZADO)', 76, 76, 8, '2023-06-03', '1', 'Mantenimiento'),
(790, 'PINTURA ESMALTE SINTETICO MARFIL ESMALTEK TEKNO', 2, 2, 8, '2023-06-03', '1', 'Mantenimiento'),
(791, 'PINTURA GRIS VENCENAMEL VENCEDOR', 2, 2, 8, '2023-06-03', '1', 'Mantenimiento'),
(792, 'LAMINA DE ACRILICO DE 2MM ESPESOR', 1, 1, 7, '2023-06-03', '1', 'Mantenimiento'),
(793, 'PEGAMENTO PARA PORCELANATO EXTRA FUERTE', 2, 2, 7, '2023-06-03', '1', 'Mantenimiento'),
(794, 'FUMIGADORA MANUAL JACTO XP-20', 10, 10, 7, '2023-06-03', '1', 'Mantenimiento'),
(795, 'PINTURA IMPERMEABILIZANTE', 2, 2, 8, '2023-06-03', '1', 'Mantenimiento'),
(796, 'PINTURA LATEX  AMARILLO TROPICAL SUPERMATE', 4, 4, 8, '2023-06-03', '1', 'Mantenimiento'),
(797, 'PINTURA LATEX BLANCO', 3, 3, 8, '2023-06-03', '1', 'Mantenimiento'),
(798, 'PINTURA LATEX COLOR MARFIL', 6, 6, 8, '2023-06-03', '1', 'Mantenimiento'),
(799, 'PINTURA MARFIL VENCELATEX 1X1 VENCEDOR', 1, 1, 8, '2023-06-03', '1', 'mantenimiento'),
(800, 'PINTURA ROJO TEKNO ESMALTE ANTICORROSIVO POR GALÓN', 2, 2, 8, '2023-06-03', '1', 'Mantenimiento'),
(801, 'PINTURA TEKNO ESMALTE ROJO BAYO', 16, 16, 8, '2023-06-03', '1', 'Mantenimiento'),
(802, 'PINTURA TRÁFICO COLOR AMARILLO, MARCA TEKNO', 4, 4, 8, '2023-06-03', '1', 'Mantenimiento'),
(803, 'REMOVEDOR DE PINTURA TEKNO', 2, 2, 8, '2023-06-03', '1', 'Mantenimiento'),
(804, 'REMOVEDOR DE PINTURAS', 1, 1, 8, '2023-06-03', '1', 'Mantenimiento'),
(805, 'SELLADOR CPP', 1, 1, 8, '2023-06-03', '1', 'Mantenimiento'),
(806, 'SIKA TECHO GRIS X 4L', 5, 5, 8, '2023-06-03', '1', 'Mantenimiento'),
(807, 'DISCOS PARA LIJAR N° 80 GRIT, PARA PISOS PARQUET, DIÁMETRO DE 17\"', 13, 13, 7, '2023-06-03', '1', 'Mantenimiento'),
(808, 'DISCOS PARA LIJAR N° 100 GRIT, PARA PISOS PARQUET, DIÁMETRO DE 17\"', 7, 7, 7, '2023-06-03', '1', 'Mantenimiento'),
(809, 'DISCOS PARA LIJAR N° 120 GRIT, PARA PISOS PARQUET, DIÁMETRO DE 17\"', 12, 12, 7, '2023-06-03', '1', 'Mantenimiento'),
(810, 'THINNER ACRILICO FINO', 6, 6, 8, '2023-06-03', '1', 'Mantenimiento'),
(811, 'SELLO REDONDO TRODAT 30 MM GRIS', 1, 1, 1, '2023-06-03', '1', 'Mesa'),
(812, 'CODO PVC 2 X 90°  DESAGUE', 4, 4, 7, '2023-06-03', '1', 'mesa'),
(813, 'CURVA PVC DE LUZ  SEL 3/4\"', 15, 15, 7, '2023-06-03', '1', 'Mesa'),
(814, 'UÑA P/LAVADERO ZINCADO TREBOL', 6, 6, 7, '2023-06-03', '1', 'mesa'),
(815, 'NIPLES DE 1 X 2 1/2\" DE FIERRO GALVANIZADO', 4, 4, 7, '2023-06-03', '1', 'mesa'),
(816, 'UNION PVC DE 1\"', 12, 12, 7, '2023-06-03', '1', 'mesa'),
(817, 'ACOPLE RÁPIDO 3/4\"', 4, 4, 7, '2023-06-03', '1', 'Mesa'),
(818, 'NIPLE GALVANIZADO 2\" X 4\"', 2, 2, 7, '2023-06-03', '1', 'Mesa'),
(819, 'TEE GALVANIZADA 2\"', 2, 2, 7, '2023-06-03', '1', 'Mesa'),
(820, 'ESPIGA DE 2\"', 2, 2, 7, '2023-06-03', '1', 'Mesa'),
(821, 'CODO GALVANIZADO 2\"', 2, 2, 7, '2023-06-03', '1', 'Mesa'),
(822, 'TAPON GALVANIZADO 2\"', 2, 2, 7, '2023-06-03', '1', 'Mesa'),
(823, 'ADAPTADOR DE PVC 2\" SP', 2, 2, 7, '2023-06-03', '1', 'Mesa'),
(824, 'LLAVE DE PASO DE 1 1/2\"', 2, 2, 7, '2023-06-03', '1', 'mesa'),
(825, 'LLAVE DE PASO DE 2´´ METALICO', 2, 2, 7, '2023-06-03', '1', 'mesa'),
(826, 'UNIONES 3/4 SIN ROSCA', 2, 2, 7, '2023-06-03', '1', 'Mesa'),
(827, 'ASPERSORES K RAIN', 10, 10, 7, '2023-06-03', '1', 'Mesa'),
(828, 'JUEGO DE CUCHILLAS CORTACESPED HUSQUARNA LTH 1842 (18 HP)', 1, 1, 7, '2023-06-03', '1', 'Mesa'),
(829, 'ACTELLIC 50 EC', 1, 1, 3, '2023-06-03', '1', 'Mesa'),
(830, 'VALVULA DE PIE DE 2\"', 1, 1, 7, '2023-06-03', '1', 'Mesa'),
(831, 'TUBO LED 9W T8 60CM LUZ BLANCA 220V / G13', 60, 60, 7, '2023-06-03', '1', 'piso'),
(832, 'SOBRE MANILA A4', 200, 200, 1, '2023-06-03', '1', 'piso'),
(833, 'TRAMPA PARA DESAUE 1 1/2\", PVC CON REGISTRO', 22, 22, 7, '2023-06-03', '1', 'piso'),
(834, 'TUBO DE ALUMINIO DE 1\"', 2, 2, 7, '2023-06-03', '1', 'piso'),
(835, 'VENTILADOR DE PARED', 4, 4, 6, '2023-06-03', '1', 'piso'),
(836, 'PAPEL BOND 75 GR A4', 0, 0, 1, '2023-06-03', '1', 'Piso'),
(837, 'RACK FIJO C/INCLINACIÓN LCD-TV-32-70 + CABLE HDMI', 4, 4, 7, '2023-06-03', '1', 'Piso'),
(838, 'PAPELERA CIRCULAR CON REJILLA DE METAL COLOR NEGRO OVE', 12, 12, 1, '2023-06-03', '1', 'Piso'),
(839, 'LISTELO DECORADO T 20MM ALUMINIO BRILLO', 3, 3, 7, '2023-06-03', '1', 'piso'),
(840, 'ALUMBRADO PARA POSTES LED 200W /3000 LM / LUZ BLANCA / 220 V', 6, 6, 7, '2023-06-03', '1', 'piso'),
(841, 'DESAGUE BLANCO LARGO 1 1/4\" X 8\" CON REJILLA MARCA METUSA', 8, 8, 7, '2023-06-03', '1', 'piso'),
(842, 'TUBO LED 16W LUZ BLANCA T8 / 220 V / 60 HZ / LARGO = 1213.6 MM / G13 / DIAMETRO = 28 MM', 150, 150, 7, '2023-06-03', '1', 'piso'),
(843, 'VALVULA REGULADORA DE PRESIÓN PARA TANQUE DE GAS ARGÓN', 1, 1, 7, '2023-06-03', '1', 'piso'),
(844, 'ARCHIVADOR REVISTERO', 34, 34, 1, '2023-06-03', '1', 'Fuera'),
(845, 'BOLIGRAFO F.C. 033 ROJO', 4, 4, 1, '2023-06-03', '1', 'Fuera'),
(846, 'CARTULINA BLANCA', 100, 100, 1, '2023-06-03', '1', 'Fuera'),
(847, 'CARTULINA CANSON 180 GR ROJO', 112, 112, 1, '2023-06-03', '1', 'Fuera'),
(848, 'CHINCHES x 100 UND', 97, 97, 1, '2023-06-03', '1', 'Fuera'),
(849, 'CINTA ADHESIVA 3/4\" x 36 YD', 8, 8, 1, '2023-06-03', '1', 'Fuera'),
(850, 'FOLDER PLASTICO TAPA DURA A4', 3, 3, 1, '2023-06-03', '1', 'Fuera'),
(851, 'GUILLOTINA DE METAL 12\"', 1, 1, 1, '2023-06-03', '1', 'Fuera'),
(852, 'PLUMON FABER CASTELL # 45 COLORES', 7, 7, 1, '2023-06-03', '1', 'Fuera'),
(853, 'PLUMON INDELEBLE FABER CASTELL # 421 AZUL', 6, 6, 1, '2023-06-03', '1', 'Fuera'),
(854, 'PLUMON INDELEBLE FABER CASTELL # 421 NEGRO', 4, 4, 1, '2023-06-03', '1', 'Fuera'),
(855, 'PLUMON JUMBO FABER CASTELL # 47 x 10 UND', 1, 1, 1, '2023-06-03', '1', 'Fuera'),
(856, 'TIJERA METAL INCOLMA 7\"', 1, 1, 1, '2023-06-03', '1', 'Fuera'),
(857, 'VINIFILE A4', 1, 1, 1, '2023-06-03', '1', 'Fuera'),
(858, 'TARJETA DE SALIDA LINCOLN', 0, 0, 9, '2023-06-03', '1', 'Fuera'),
(859, 'CINTA AISLANTE 3/4\" X 18MTS NEGRO', 19, 19, 1, '2023-06-03', '1', 'Fuera'),
(860, 'BOLIGRAFO F.C 033 AZUL', 12, 12, 1, '2023-06-03', '1', 'Fuera'),
(861, 'MICA P/ ENMICADO A4', 100, 100, 1, '2023-06-03', '1', 'Fuera'),
(862, 'GOMA LIQUIDA PEGA-PEN X 500ML', 54, 54, 1, '2023-06-03', '1', 'Fuera'),
(863, 'PILA  AAA DURACEL', 44, 44, 1, '2023-06-03', '1', 'Fuera'),
(864, 'CUADERNO CUADRICULADO CARTA X100 HJS', 2, 2, 1, '2023-06-03', '1', 'Fuera'),
(865, 'TARJETA DE PRESENTACIÓN ABRAHAM LINCOLN', 600, 600, 9, '2023-06-03', '1', 'Fuera'),
(866, 'PAPEL CELOFAN', 3, 3, 1, '2023-06-03', '1', 'Fuera'),
(867, 'CINTA MAGICA #810', 4, 4, 1, '2023-06-03', '1', 'Fuera'),
(868, 'CARTULINA A4 - BLANCO', 1, 1, 1, '2023-06-03', '1', 'Fuera'),
(869, 'BANDEJA 3PISOS METAL', 1, 1, 1, '2023-06-03', '1', 'Fuera'),
(870, 'LIMPIADOR DE BRONCE - MARCA BRONCEX EN SPRAY X 230 ML', 12, 12, 7, '2023-06-03', '1', 'Fuera'),
(871, 'TUBERIA PARA AGUA PVC DE 1 PULGADA ', 25, 25, 7, '2023-06-03', '1', 'Fuera'),
(872, 'GOMA LIQUIDA GRANDE', 2, 2, 1, '2023-06-03', '1', 'Fuera'),
(873, 'LAPICES DE COLORES GRANDE X 12', 1, 1, 1, '2023-06-03', '1', 'Fuera'),
(874, 'PILAS DURACELL TAMAÑO \"C\"', 32, 32, 1, '2023-06-03', '1', 'Fuera'),
(875, 'CINTA DE EMBALAJE 2\" X 110 YDS', 4, 4, 1, '2023-06-03', '1', 'Fuera'),
(876, 'ENGRAPADOR TIJERA RAPID 1', 9, 9, 1, '2023-06-03', '1', 'Fuera'),
(877, 'CARPETAS PLASTICAS TRANSPARENTES TIPO SOBRE C/BROCHE', 4, 4, 1, '2023-06-03', '1', 'Fuera'),
(878, 'ALMOHADILLAS PARA SELLOS TRODAT 46030', 2, 2, 1, '2023-06-03', '1', 'Fuera'),
(879, 'TAJADOR METAL', 2, 2, 1, '2023-06-03', '1', 'Fuera'),
(880, 'BANDEJA ACRILICA 3 PISOS', 6, 6, 1, '2023-06-03', '1', 'Fuera'),
(881, 'ARCHIVADOR 1/2 OFICIO LOMO ANCHO', 5, 5, 1, '2023-06-03', '1', 'Fuera'),
(882, 'FORRO AUTOADHESIVO CONTAC', 50, 50, 1, '2023-06-03', '1', 'Fuera'),
(883, 'FOLDER ', 6, 6, 1, '2023-06-03', '1', 'Fuera'),
(884, 'LIJAS PARA FIERRO N° 100', 50, 50, 7, '2023-06-03', '1', 'Fuera'),
(885, 'EMPAQUE CONICO. CODIGO RF - 25', 10, 10, 7, '2023-06-03', '1', 'Fuera'),
(886, 'SEPARADOR INDEX POLIPROPILENO 12', 1, 1, 1, '2023-06-03', '1', 'Fuera'),
(887, 'FILE MANILA A4', 20, 20, 1, '2023-06-03', '1', 'Fuera'),
(888, 'FLETE', 1, 1, 6, '2023-06-03', '1', 'Fuera'),
(889, 'HOJA MEMBRETADA CORPORATIVA', 6, 6, 1, '2023-06-03', '1', 'Fuera'),
(890, 'BLOQUEADOR SOLAR FACE 90 X 10G', 100, 100, 10, '2023-06-03', '1', 'Fuera'),
(891, 'MICA P/FOTOCHECK VERTICAL 10X14.5 CM', 2, 2, 1, '2023-06-03', '1', 'Fuera'),
(892, 'CODO PVC 90 SP 1\"', 10, 10, 7, '2023-06-03', '1', 'Fuera'),
(893, 'VALVULA DE PASO CIM 1\"', 5, 5, 7, '2023-06-03', '1', 'Fuera'),
(894, 'BLOQUEADOR SOLAR PROTECTOR 50', 8, 8, 10, '2023-06-03', '1', 'Fuera'),
(895, 'POST IT COLORES TROPICALES 3X3 500H', 6, 6, 1, '2023-06-03', '1', 'Fuera'),
(896, 'BLOCK DIB ESPEC 25HH DIS JUSTUS SKETCH BOOK', 13, 13, 1, '2023-06-03', '1', 'Fuera'),
(897, 'BALON DE REFRIGERANTE R410A', 1, 1, 7, '2023-06-03', '1', 'Fuera'),
(898, 'SOBRE BLANCO N° 16 BOND X 50', 2, 2, 1, '2023-06-03', '1', 'Fuera'),
(899, 'SOGA TEJIDA DE 1/2\" COLOR BLANCO ROLLO X 100 METROS', 1, 1, 7, '2023-06-03', '1', 'Fuera'),
(900, 'UNIVERSAL DE 2\" A PRESION', 4, 4, 7, '2023-06-03', '1', 'Fuera'),
(901, 'CODO DE 2\" A PRESION PESADO', 4, 4, 7, '2023-06-03', '1', 'Fuera'),
(902, 'O RING 2 123. CODIGO RF-035', 5, 5, 7, '2023-06-03', '1', 'Fuera'),
(903, 'PILA LITHIUM CR2032 3V X 5 UNID MURATA', 3, 3, 1, '2023-06-03', '1', 'Fuera'),
(904, 'EMPAQUE VULCANIZADO PARA EMBOLOS', 10, 10, 7, '2023-06-03', '1', 'Fuera'),
(905, 'CINTA TEFLON DE  3/4\"', 20, 20, 7, '2023-06-03', '1', 'Fuera'),
(906, 'GRAPAS 53/6  X 1000', 8, 8, 1, '2023-06-03', '1', 'Fuera'),
(907, 'CARTULINA A4 MARFIL', 3, 3, 1, '2023-06-03', '1', 'Fuera'),
(908, 'UNION DE 3\" SAP A PRESION PAVCO PESADO', 4, 4, 7, '2023-06-03', '1', 'Fuera'),
(909, 'MICA PARA FOTOCHECK + CLIP X 6 ARTESCO', 12, 12, 1, '2023-06-03', '1', 'Fuera'),
(910, 'BRIDA DE PLASTICO PARA URINARIO. COD. SP - 500', 1, 1, 7, '2023-06-03', '1', 'Fuera'),
(911, 'RESORTE. CODIGO RF - 30', 10, 10, 7, '2023-06-03', '1', 'Fuera'),
(912, 'PEGAMENTO AZUL PARA PVC DE OTEY DE 32 OZ', 10, 10, 7, '2023-06-03', '1', 'Fuera'),
(913, 'RESORTE EMB LLAV RETENCION P FLUX. COD. RF - 234', 20, 20, 7, '2023-06-03', '1', 'Fuera'),
(914, 'KIT DE RETENCION O MECANISMO DE CIERRE', 7, 7, 7, '2023-06-03', '1', 'Fuera'),
(915, 'CODO DE 3\" A PRESION PESADO', 3, 3, 7, '2023-06-03', '1', 'Fuera'),
(916, 'VALVULA DE PASO CIM 2\"', 4, 4, 7, '2023-06-03', '1', 'Fuera'),
(917, 'SKETCH MARKER X 12 ARTESCO', 2, 2, 1, '2023-06-03', '1', 'Fuera'),
(918, 'SOBRE BLANCO TAMAÑO CARTA X 50', 23, 23, 1, '2023-06-03', '1', 'Fuera'),
(919, 'FOLDER INSTITUCIONAL OFICIO', 450, 450, 1, '2023-06-03', '1', 'Fuera'),
(920, 'SOBRE BLANCO N° 9 X 50 UND', 2, 2, 1, '2023-06-03', '1', 'Fuera'),
(921, 'VALVULA DE CIERRE DE 3\"', 2, 2, 7, '2023-06-03', '1', 'Fuera'),
(922, 'VENTILADOR TIPO 3 EN 1 ALFANO', 55, 55, 6, '2023-06-03', '1', 'Fuera'),
(923, 'CARTULINA A3 PQTE X 50', 1, 1, 1, '2023-06-03', '1', 'Fuera'),
(924, 'TUBO DE 3\" PARA AGUA ALTA PRESION X 5 METROS', 1, 1, 7, '2023-06-03', '1', 'Fuera'),
(925, 'KIT DE RONDANAS SPUD 32 MM. CODIGO SF-063', 10, 10, 7, '2023-06-03', '1', 'Fuera'),
(926, 'SOBRE MEMBRETADO TAMAÑO CARTA', 1, 1, 9, '2023-06-03', '1', 'Fuera'),
(927, 'CLAVADORA # 33 RAPID', 2, 2, 1, '2023-06-03', '1', 'Fuera'),
(928, 'CODO 45° DE 1\"PVC PESADA', 5, 5, 7, '2023-06-03', '1', 'Fuera'),
(929, 'CUADERNO ESPIRAL A4 160 HOJAS', 2, 2, 1, '2023-06-03', '1', 'Fuera'),
(930, 'BLOCK CARTULINA 36 H', 12, 12, 1, '2023-06-03', '1', 'Fuera'),
(931, 'NIPLE GALVANIZADO DE 1\" X 3\"', 5, 5, 7, '2023-06-03', '1', 'Fuera'),
(932, 'SOBRE LIBRETA OFICIO', 1, 1, 9, '2023-06-03', '1', 'Fuera'),
(933, 'CORRECTOR DE CINTA RETRACTIL', 2, 2, 1, '2023-06-03', '1', 'Fuera'),
(934, 'PLUMONES GRUESOS', 3, 3, 1, '2023-06-03', '1', 'Fuera'),
(935, 'CARTULINA PLASTIFICADA A4', 1, 1, 1, '2023-06-03', '1', 'Fuera'),
(936, 'TRAPO INDUSTRIAL', 5, 5, 5, '2023-06-03', '1', 'Fuera'),
(938, 'Producto de Prueba', 43, 43, 6, '2023-06-03', '14', '101001');

-- --------------------------------------------------------

--
-- Estructura de tabla para la tabla `disponibilidad`
--

CREATE TABLE `disponibilidad` (
  `id` int(11) NOT NULL,
  `descripcion` varchar(100) NOT NULL
) ENGINE=InnoDB DEFAULT CHARSET=utf8mb4 COLLATE=utf8mb4_general_ci;

--
-- Volcado de datos para la tabla `disponibilidad`
--

INSERT INTO `disponibilidad` (`id`, `descripcion`) VALUES
(1, 'Disponible'),
(2, 'No disponible');

-- --------------------------------------------------------

--
-- Estructura de tabla para la tabla `egresos`
--

CREATE TABLE `egresos` (
  `id_egreso` int(11) NOT NULL,
  `id_activo` int(11) NOT NULL,
  `nombre` text NOT NULL,
  `cantidad_retirada` int(3) NOT NULL,
  `id_tipo` int(3) NOT NULL,
  `datetime` text NOT NULL
) ENGINE=InnoDB DEFAULT CHARSET=utf8mb4 COLLATE=utf8mb4_general_ci;

--
-- Volcado de datos para la tabla `egresos`
--

INSERT INTO `egresos` (`id_egreso`, `id_activo`, `nombre`, `cantidad_retirada`, `id_tipo`, `datetime`) VALUES
(4, 28, 'SOBRE PLASTICO  PARA CD', 0, 1, '2023-06-04 13:14:34'),
(6, 546, 'MEDALLA CIRCULAR DORADA COLEGIO', 5, 9, '2023-06-04 13:25:26'),
(7, 429, 'LIBRO DICCIONARIO POCKET LONGMAN INGLES-ESPAÑOL/ESPAÑOL-INGLES', 4, 4, '2023-06-04 13:49:20'),
(8, 38, 'AGUA OXIGENADA QP', 1, 11, '2023-06-04 13:49:31'),
(9, 33, 'PABILO N° 20   X 1/4 KG', 2, 1, '2023-06-04 13:49:37'),
(10, 256, 'LIMPIADOR DE ACERO 3M', 20, 7, '2023-06-04 13:49:48'),
(11, 23, 'TINTA HP 954XL MAGENTA L0S65AL', 2, 2, '2023-06-04 13:49:56');

-- --------------------------------------------------------

--
-- Estructura de tabla para la tabla `pdf`
--

CREATE TABLE `pdf` (
  `id` int(11) NOT NULL,
  `id_activo` int(11) NOT NULL,
  `ruta` varchar(300) NOT NULL
) ENGINE=InnoDB DEFAULT CHARSET=utf8mb4 COLLATE=utf8mb4_general_ci;

--
-- Volcado de datos para la tabla `pdf`
--

INSERT INTO `pdf` (`id`, `id_activo`, `ruta`) VALUES
(9, 938, 'http://localhost/inventario/src/pdfs/Producto_de_Prueba.pdf'),
(10, 1, 'http://localhost/inventario/src/pdfs/CUCHILLA_CALADORA.pdf');

-- --------------------------------------------------------

--
-- Estructura de tabla para la tabla `reposicion`
--

CREATE TABLE `reposicion` (
  `id_reposicion` int(11) NOT NULL,
  `id_activo` int(11) NOT NULL,
  `cantidad_a_reponer` int(11) DEFAULT NULL,
  `datetime` text NOT NULL
) ENGINE=InnoDB DEFAULT CHARSET=utf8mb4 COLLATE=utf8mb4_general_ci;

--
-- Volcado de datos para la tabla `reposicion`
--

INSERT INTO `reposicion` (`id_reposicion`, `id_activo`, `cantidad_a_reponer`, `datetime`) VALUES
(4, 546, 15, '2023-06-04 13:27:13'),
(5, 28, 5, '2023-06-04 13:36:55');

-- --------------------------------------------------------

--
-- Estructura de tabla para la tabla `roles`
--

CREATE TABLE `roles` (
  `id_rol` int(11) NOT NULL,
  `rol` varchar(50) NOT NULL
) ENGINE=InnoDB DEFAULT CHARSET=utf8mb4 COLLATE=utf8mb4_general_ci;

--
-- Volcado de datos para la tabla `roles`
--

INSERT INTO `roles` (`id_rol`, `rol`) VALUES
(1, 'Administrador'),
(2, 'Involucrado'),
(3, 'Usuario Común');

-- --------------------------------------------------------

--
-- Estructura de tabla para la tabla `tipos`
--

CREATE TABLE `tipos` (
  `id_tipo` int(11) NOT NULL,
  `tipo` text NOT NULL
) ENGINE=InnoDB DEFAULT CHARSET=utf8mb4 COLLATE=utf8mb4_general_ci;

--
-- Volcado de datos para la tabla `tipos`
--

INSERT INTO `tipos` (`id_tipo`, `tipo`) VALUES
(1, 'Utiles de Oficina'),
(2, 'Impresion'),
(3, 'Jardineria'),
(4, 'Libro'),
(5, 'Limpieza'),
(6, 'Varios'),
(7, 'Mantenimiento'),
(8, 'Pintura'),
(9, 'Publicitario'),
(10, 'Seguridad'),
(11, 'Topico');

-- --------------------------------------------------------

--
-- Estructura de tabla para la tabla `ubigeo`
--

CREATE TABLE `ubigeo` (
  `id` int(11) NOT NULL,
  `posicion` varchar(255) NOT NULL,
  `disponibilidad` int(3) NOT NULL
) ENGINE=InnoDB DEFAULT CHARSET=utf8mb4 COLLATE=utf8mb4_general_ci;

--
-- Volcado de datos para la tabla `ubigeo`
--

INSERT INTO `ubigeo` (`id`, `posicion`, `disponibilidad`) VALUES
(1, '101001', 2),
(2, '101002', 2),
(3, '101003', 2),
(4, '101004', 2),
(5, '101005', 2),
(6, '101006', 2),
(7, '101012', 2),
(8, '101013', 2),
(9, '101014', 2),
(10, '101015', 2),
(11, '101016', 2),
(12, '101017', 2),
(13, '101018', 2),
(14, '101019', 2),
(15, '101020', 2),
(16, '101021', 2),
(17, '101022', 2),
(18, '101023', 2),
(19, '101027', 2),
(20, '101028', 2),
(21, '101029', 2),
(22, '101033', 2),
(23, '101034', 2),
(24, '101035', 2),
(25, '101036', 2),
(26, '101037', 2),
(27, '101038', 2),
(28, '101039', 2),
(29, '101040', 2),
(30, '101040.1', 2),
(31, '101041', 2),
(32, '101042', 2),
(33, '101044', 2),
(34, '101045', 2),
(35, '101049', 2),
(36, '101050', 2),
(37, '101051', 2),
(38, '101052', 2),
(39, '101053', 2),
(40, '101054', 2),
(41, '101055', 2),
(42, '101056', 2),
(43, '101057', 2),
(44, '101058', 2),
(45, '101059', 2),
(46, '101060', 2),
(47, '101061', 2),
(48, '101062', 2),
(49, '101063', 2),
(50, '101064', 2),
(51, '101065', 2),
(52, '101066', 2),
(53, '101066.1', 2),
(54, '101066.2', 2),
(55, '101067', 2),
(56, '101068', 2),
(57, '101069', 2),
(58, '101070', 2),
(59, '101071', 2),
(60, '101072', 2),
(61, '101073', 2),
(62, '101074', 2),
(63, '101075', 2),
(64, '101076', 2),
(65, '101077', 2),
(66, '101078', 2),
(67, '101079', 2),
(68, '101080', 2),
(69, '101081', 2),
(70, '101082', 2),
(71, '101083', 2),
(72, '101084', 2),
(73, '101085', 2),
(74, '101086', 2),
(75, '101087', 2),
(76, '101088', 2),
(77, '101090', 2),
(78, '101091', 2),
(79, '101093', 2),
(80, '101094', 2),
(81, '101095', 2),
(82, '101096', 2),
(83, '101100', 2),
(84, '101101', 2),
(85, '101102', 2),
(86, '101103', 2),
(87, '101106', 2),
(88, '101107', 2),
(89, '101108', 2),
(90, '101109', 2),
(91, '101121', 2),
(92, '101122', 2),
(93, '101123', 2),
(94, '101124', 2),
(95, '101126', 2),
(96, '101127', 2),
(97, '101128', 2),
(98, '101129', 2),
(99, '101130', 2),
(100, '101131', 2),
(101, '101132', 2),
(102, '101133', 2),
(103, '101135', 2),
(104, '101137', 2),
(105, '101138', 2),
(106, '101139', 2),
(107, '101140', 2),
(108, '101141', 2),
(109, '101142', 2),
(110, '101143', 2),
(111, '101144', 2),
(112, '101145', 2),
(113, '101146', 2),
(114, '101147', 2),
(115, '101148', 2),
(116, '101149', 2),
(117, '101152', 2),
(118, '101153', 2),
(119, '101154', 2),
(120, '101157', 2),
(121, '101158', 2),
(122, '101178', 2),
(123, '101179', 2),
(124, '101181', 2),
(125, '101182', 2),
(126, '101183', 2),
(127, '101184', 2),
(128, '101185', 2),
(129, '101186', 2),
(130, '101187', 2),
(131, '101188', 2),
(132, '101189', 2),
(133, '101018/101024/101031/101030', 2),
(134, '101024/101025/101026/101030', 2),
(135, '101043/101048/101047/101046', 2),
(136, '101067 (4)/ 101186 (30)', 2),
(137, '101125/101126', 2),
(138, '101136/101137', 2),
(139, '101180-101179', 2),
(140, 'Almacen', 2),
(141, 'Balde', 2),
(142, 'Estante', 2),
(143, 'Estante 2', 2),
(144, 'Faltante', 2),
(145, 'Limpieza - Piso', 2),
(146, 'Mantenimiento', 2),
(147, 'Mesa', 2),
(148, 'piso', 2),
(149, 'Fuera', 2);

-- --------------------------------------------------------

--
-- Estructura de tabla para la tabla `usuarios`
--

CREATE TABLE `usuarios` (
  `id_usuario` int(11) NOT NULL,
  `id_rol` int(11) NOT NULL,
  `nombres` varchar(255) NOT NULL,
  `apellido_paterno` varchar(255) NOT NULL,
  `apellido_materno` varchar(255) NOT NULL,
  `correo` varchar(255) NOT NULL,
  `clave` varchar(255) NOT NULL
) ENGINE=InnoDB DEFAULT CHARSET=utf8mb4 COLLATE=utf8mb4_general_ci;

--
-- Volcado de datos para la tabla `usuarios`
--

INSERT INTO `usuarios` (`id_usuario`, `id_rol`, `nombres`, `apellido_paterno`, `apellido_materno`, `correo`, `clave`) VALUES
(1, 1, 'Edward David', 'Alarco', 'Campos', 'edward@gmail.com', '827ccb0eea8a706c4c34a16891f84e7b'),
(4, 2, 'Juan', 'Casas', 'Lujan', 'juan@gmail.com', '827ccb0eea8a706c4c34a16891f84e7b'),
(5, 3, 'Pedro', 'Gonzales', 'Marino', 'pedro@gmail.com', '827ccb0eea8a706c4c34a16891f84e7b');

--
-- Índices para tablas volcadas
--

--
-- Indices de la tabla `activos`
--
ALTER TABLE `activos`
  ADD PRIMARY KEY (`id`),
  ADD KEY `id_tipo` (`id_tipo`),
  ADD KEY `posicion` (`posicion`);

--
-- Indices de la tabla `disponibilidad`
--
ALTER TABLE `disponibilidad`
  ADD PRIMARY KEY (`id`);

--
-- Indices de la tabla `egresos`
--
ALTER TABLE `egresos`
  ADD PRIMARY KEY (`id_egreso`),
  ADD KEY `id_tipo` (`id_tipo`),
  ADD KEY `id_activo` (`id_activo`);

--
-- Indices de la tabla `pdf`
--
ALTER TABLE `pdf`
  ADD PRIMARY KEY (`id`),
  ADD KEY `id_activo` (`id_activo`);

--
-- Indices de la tabla `reposicion`
--
ALTER TABLE `reposicion`
  ADD PRIMARY KEY (`id_reposicion`),
  ADD KEY `id_activo` (`id_activo`);

--
-- Indices de la tabla `roles`
--
ALTER TABLE `roles`
  ADD PRIMARY KEY (`id_rol`);

--
-- Indices de la tabla `tipos`
--
ALTER TABLE `tipos`
  ADD PRIMARY KEY (`id_tipo`);

--
-- Indices de la tabla `ubigeo`
--
ALTER TABLE `ubigeo`
  ADD PRIMARY KEY (`id`),
  ADD KEY `disponibilidad` (`disponibilidad`);

--
-- Indices de la tabla `usuarios`
--
ALTER TABLE `usuarios`
  ADD PRIMARY KEY (`id_usuario`),
  ADD KEY `id_rol` (`id_rol`);

--
-- AUTO_INCREMENT de las tablas volcadas
--

--
-- AUTO_INCREMENT de la tabla `activos`
--
ALTER TABLE `activos`
  MODIFY `id` int(11) NOT NULL AUTO_INCREMENT, AUTO_INCREMENT=940;

--
-- AUTO_INCREMENT de la tabla `disponibilidad`
--
ALTER TABLE `disponibilidad`
  MODIFY `id` int(11) NOT NULL AUTO_INCREMENT, AUTO_INCREMENT=3;

--
-- AUTO_INCREMENT de la tabla `egresos`
--
ALTER TABLE `egresos`
  MODIFY `id_egreso` int(11) NOT NULL AUTO_INCREMENT, AUTO_INCREMENT=12;

--
-- AUTO_INCREMENT de la tabla `pdf`
--
ALTER TABLE `pdf`
  MODIFY `id` int(11) NOT NULL AUTO_INCREMENT, AUTO_INCREMENT=12;

--
-- AUTO_INCREMENT de la tabla `reposicion`
--
ALTER TABLE `reposicion`
  MODIFY `id_reposicion` int(11) NOT NULL AUTO_INCREMENT, AUTO_INCREMENT=6;

--
-- AUTO_INCREMENT de la tabla `roles`
--
ALTER TABLE `roles`
  MODIFY `id_rol` int(11) NOT NULL AUTO_INCREMENT, AUTO_INCREMENT=4;

--
-- AUTO_INCREMENT de la tabla `tipos`
--
ALTER TABLE `tipos`
  MODIFY `id_tipo` int(11) NOT NULL AUTO_INCREMENT, AUTO_INCREMENT=17;

--
-- AUTO_INCREMENT de la tabla `ubigeo`
--
ALTER TABLE `ubigeo`
  MODIFY `id` int(11) NOT NULL AUTO_INCREMENT, AUTO_INCREMENT=150;

--
-- AUTO_INCREMENT de la tabla `usuarios`
--
ALTER TABLE `usuarios`
  MODIFY `id_usuario` int(11) NOT NULL AUTO_INCREMENT, AUTO_INCREMENT=6;

--
-- Restricciones para tablas volcadas
--

--
-- Filtros para la tabla `activos`
--
ALTER TABLE `activos`
  ADD CONSTRAINT `activos_ibfk_1` FOREIGN KEY (`id_tipo`) REFERENCES `tipos` (`id_tipo`);

--
-- Filtros para la tabla `egresos`
--
ALTER TABLE `egresos`
  ADD CONSTRAINT `egresos_ibfk_1` FOREIGN KEY (`id_tipo`) REFERENCES `tipos` (`id_tipo`),
  ADD CONSTRAINT `egresos_ibfk_2` FOREIGN KEY (`id_activo`) REFERENCES `activos` (`id`);

--
-- Filtros para la tabla `pdf`
--
ALTER TABLE `pdf`
  ADD CONSTRAINT `pdf_ibfk_1` FOREIGN KEY (`id_activo`) REFERENCES `activos` (`id`);

--
-- Filtros para la tabla `reposicion`
--
ALTER TABLE `reposicion`
  ADD CONSTRAINT `reposicion_ibfk_1` FOREIGN KEY (`id_activo`) REFERENCES `activos` (`id`);

--
-- Filtros para la tabla `ubigeo`
--
ALTER TABLE `ubigeo`
  ADD CONSTRAINT `ubigeo_ibfk_1` FOREIGN KEY (`disponibilidad`) REFERENCES `disponibilidad` (`id`);

--
-- Filtros para la tabla `usuarios`
--
ALTER TABLE `usuarios`
  ADD CONSTRAINT `usuarios_ibfk_1` FOREIGN KEY (`id_rol`) REFERENCES `roles` (`id_rol`);
COMMIT;

/*!40101 SET CHARACTER_SET_CLIENT=@OLD_CHARACTER_SET_CLIENT */;
/*!40101 SET CHARACTER_SET_RESULTS=@OLD_CHARACTER_SET_RESULTS */;
/*!40101 SET COLLATION_CONNECTION=@OLD_COLLATION_CONNECTION */;
